Initialized native services in: C:\Users\naikk\.gradle\native
Initialized jansi services in: C:\Users\naikk\.gradle\native
Received JVM installation metadata from 'C:\Program Files\Android\Android Studio\jbr': {JAVA_HOME=C:\Program Files\Android\Android Studio\jbr, JAVA_VERSION=21.0.6, JAVA_VENDOR=JetBrains s.r.o., RUNTIME_NAME=OpenJDK Runtime Environment, RUNTIME_VERSION=21.0.6+-13391695-b895.109, VM_NAME=OpenJDK 64-Bit Server VM, VM_VERSION=21.0.6+-13391695-b895.109, VM_VENDOR=JetBrains s.r.o., OS_ARCH=amd64}
Found daemon DaemonInfo{pid=25060, address=[9bdd07b4-73d6-4d6b-9774-9a88e1980880 port:64424, addresses:[/127.0.0.1]], state=Idle, lastBusy=1771333153420, context=DefaultDaemonContext[uid=93f87030-9c47-49d7-bfaa-ab6918109c9f,javaHome=C:\Program Files\Android\Android Studio\jbr,javaVersion=21,daemonRegistryDir=C:\Users\naikk\.gradle\daemon,pid=25060,idleTimeout=10800000,priority=NORMAL,applyInstrumentationAgent=true,nativeServicesMode=ENABLED,daemonOpts=-XX:MaxMetaspaceSize=1024m,--add-opens=java.base/java.util=ALL-UNNAMED,--add-opens=java.base/java.lang=ALL-UNNAMED,--add-opens=java.base/java.lang.invoke=ALL-UNNAMED,--add-opens=java.prefs/java.util.prefs=ALL-UNNAMED,--add-opens=java.base/java.nio.charset=ALL-UNNAMED,--add-opens=java.base/java.net=ALL-UNNAMED,--add-opens=java.base/java.util.concurrent.atomic=ALL-UNNAMED,-Xmx4096m,-Dfile.encoding=UTF-8,-Duser.country=IN,-Duser.language=en,-Duser.variant]} however its context does not match the desired criteria.
At least one daemon option is different.
Wanted: DaemonRequestContext{requestedJvm=21.0.6 (JetBrains s.r.o. 21.0.6+-13391695-b895.109), jvmCriteria=null, daemonOpts=[-XX:MaxMetaspaceSize=512m, --add-opens=java.base/java.util=ALL-UNNAMED, --add-opens=java.base/java.lang=ALL-UNNAMED, --add-opens=java.base/java.lang.invoke=ALL-UNNAMED, --add-opens=java.prefs/java.util.prefs=ALL-UNNAMED, --add-opens=java.base/java.nio.charset=ALL-UNNAMED, --add-opens=java.base/java.net=ALL-UNNAMED, --add-opens=java.base/java.util.concurrent.atomic=ALL-UNNAMED, -Xmx2048m, -Dfile.encoding=UTF-8, -Duser.country=IN, -Duser.language=en, -Duser.variant], applyInstrumentationAgent=true, nativeServicesMode=ENABLED, priority=NORMAL}
Actual: DefaultDaemonContext[uid=93f87030-9c47-49d7-bfaa-ab6918109c9f,javaHome=C:\Program Files\Android\Android Studio\jbr,javaVersion=21,daemonRegistryDir=C:\Users\naikk\.gradle\daemon,pid=25060,idleTimeout=10800000,priority=NORMAL,applyInstrumentationAgent=true,nativeServicesMode=ENABLED,daemonOpts=-XX:MaxMetaspaceSize=1024m,--add-opens=java.base/java.util=ALL-UNNAMED,--add-opens=java.base/java.lang=ALL-UNNAMED,--add-opens=java.base/java.lang.invoke=ALL-UNNAMED,--add-opens=java.prefs/java.util.prefs=ALL-UNNAMED,--add-opens=java.base/java.nio.charset=ALL-UNNAMED,--add-opens=java.base/java.net=ALL-UNNAMED,--add-opens=java.base/java.util.concurrent.atomic=ALL-UNNAMED,-Xmx4096m,-Dfile.encoding=UTF-8,-Duser.country=IN,-Duser.language=en,-Duser.variant]

  Looking for a different daemon...
The client will now receive all logging from the daemon (pid: 6464). The daemon log file: C:\Users\naikk\.gradle\daemon\8.8\daemon-6464.out.log
Starting 9th build in daemon [uptime: 15 mins 41.313 secs, performance: 100%, GC rate: 0.00/s, heap usage: 0% of 2 GiB, non-heap usage: 47% of 512 MiB]
Using 12 worker leases.
Now considering [D:\NutriScan\android, D:\NutriScan\node_modules\expo-dev-launcher\expo-dev-launcher-gradle-plugin, D:\NutriScan\android\react-settings-plugin, D:\NutriScan\node_modules\@react-native\gradle-plugin] as hierarchies to watch
Watching the file system is configured to be enabled if available
File system watching is active
Starting Build
Starting process 'command 'node''. Working directory: D:\NutriScan\android Command: node -e console.log(require('react-native/package.json').version);
Successfully started process 'command 'node''
Now considering [D:\NutriScan\node_modules\@react-native\gradle-plugin, D:\NutriScan\android, D:\NutriScan\node_modules\expo-dev-launcher\expo-dev-launcher-gradle-plugin, D:\NutriScan\android\react-settings-plugin] as hierarchies to watch
Transforming foojay-resolver-0.5.0.jar (org.gradle.toolchains:foojay-resolver:0.5.0) with InstrumentationAnalysisTransform
Transforming gson-2.9.1.jar (com.google.code.gson:gson:2.9.1) with InstrumentationAnalysisTransform
Transforming foojay-resolver-0.5.0.jar (org.gradle.toolchains:foojay-resolver:0.5.0) with InstrumentationAnalysisTransform
Transforming foojay-resolver-0.5.0.jar (org.gradle.toolchains:foojay-resolver:0.5.0) with MergeInstrumentationAnalysisTransform
Transforming gson-2.9.1.jar (com.google.code.gson:gson:2.9.1) with InstrumentationAnalysisTransform
Transforming gson-2.9.1.jar (com.google.code.gson:gson:2.9.1) with MergeInstrumentationAnalysisTransform
Transforming foojay-resolver-0.5.0.jar (org.gradle.toolchains:foojay-resolver:0.5.0) with ExternalDependencyInstrumentingArtifactTransform
Transforming gson-2.9.1.jar (com.google.code.gson:gson:2.9.1) with ExternalDependencyInstrumentingArtifactTransform
Now considering [D:\NutriScan\android\react-settings-plugin, D:\NutriScan\node_modules\@react-native\gradle-plugin, D:\NutriScan\android, D:\NutriScan\node_modules\expo-dev-launcher\expo-dev-launcher-gradle-plugin] as hierarchies to watch

> Configure project :gradle-plugin
Evaluating project ':gradle-plugin' using build file 'D:\NutriScan\node_modules\@react-native\gradle-plugin\build.gradle.kts'.
Transforming kotlin-gradle-plugin-model-1.9.22.jar (org.jetbrains.kotlin:kotlin-gradle-plugin-model:1.9.22) with InstrumentationAnalysisTransform
Transforming kotlin-gradle-plugin-api-1.9.22.jar (org.jetbrains.kotlin:kotlin-gradle-plugin-api:1.9.22) with InstrumentationAnalysisTransform
Transforming kotlin-gradle-plugin-1.9.22-gradle82.jar (org.jetbrains.kotlin:kotlin-gradle-plugin:1.9.22) with InstrumentationAnalysisTransform
Transforming kotlin-gradle-plugin-idea-proto-1.9.22.jar (org.jetbrains.kotlin:kotlin-gradle-plugin-idea-proto:1.9.22) with InstrumentationAnalysisTransform
Transforming kotlin-gradle-plugin-idea-1.9.22.jar (org.jetbrains.kotlin:kotlin-gradle-plugin-idea:1.9.22) with InstrumentationAnalysisTransform
Transforming kotlin-klib-commonizer-api-1.9.22.jar (org.jetbrains.kotlin:kotlin-klib-commonizer-api:1.9.22) with InstrumentationAnalysisTransform
Transforming kotlin-native-utils-1.9.22.jar (org.jetbrains.kotlin:kotlin-native-utils:1.9.22) with InstrumentationAnalysisTransform
Transforming kotlin-util-klib-1.9.22.jar (org.jetbrains.kotlin:kotlin-util-klib:1.9.22) with InstrumentationAnalysisTransform
Transforming kotlin-build-tools-api-1.9.22.jar (org.jetbrains.kotlin:kotlin-build-tools-api:1.9.22) with InstrumentationAnalysisTransform
Transforming kotlin-android-extensions-1.9.22.jar (org.jetbrains.kotlin:kotlin-android-extensions:1.9.22) with InstrumentationAnalysisTransform
Transforming kotlin-compiler-runner-1.9.22.jar (org.jetbrains.kotlin:kotlin-compiler-runner:1.9.22) with InstrumentationAnalysisTransform
Transforming kotlin-compiler-embeddable-1.9.22.jar (org.jetbrains.kotlin:kotlin-compiler-embeddable:1.9.22) with InstrumentationAnalysisTransform
Transforming kotlin-scripting-compiler-embeddable-1.9.22.jar (org.jetbrains.kotlin:kotlin-scripting-compiler-embeddable:1.9.22) with InstrumentationAnalysisTransform
Transforming kotlin-scripting-compiler-impl-embeddable-1.9.22.jar (org.jetbrains.kotlin:kotlin-scripting-compiler-impl-embeddable:1.9.22) with InstrumentationAnalysisTransform
Transforming kotlin-gradle-plugin-annotations-1.9.22.jar (org.jetbrains.kotlin:kotlin-gradle-plugin-annotations:1.9.22) with InstrumentationAnalysisTransform
Transforming kotlin-project-model-1.9.22.jar (org.jetbrains.kotlin:kotlin-project-model:1.9.22) with InstrumentationAnalysisTransform
Transforming kotlin-tooling-core-1.9.22.jar (org.jetbrains.kotlin:kotlin-tooling-core:1.9.22) with InstrumentationAnalysisTransform
Transforming kotlin-util-io-1.9.22.jar (org.jetbrains.kotlin:kotlin-util-io:1.9.22) with InstrumentationAnalysisTransform
Transforming kotlin-daemon-embeddable-1.9.22.jar (org.jetbrains.kotlin:kotlin-daemon-embeddable:1.9.22) with InstrumentationAnalysisTransform
Transforming trove4j-1.0.20200330.jar (org.jetbrains.intellij.deps:trove4j:1.0.20200330) with InstrumentationAnalysisTransform
Transforming kotlin-daemon-client-1.9.22.jar (org.jetbrains.kotlin:kotlin-daemon-client:1.9.22) with InstrumentationAnalysisTransform
Transforming kotlinx-coroutines-core-jvm-1.5.0.jar (org.jetbrains.kotlinx:kotlinx-coroutines-core-jvm:1.5.0) with InstrumentationAnalysisTransform
Transforming kotlin-scripting-jvm-1.9.22.jar (org.jetbrains.kotlin:kotlin-scripting-jvm:1.9.22) with InstrumentationAnalysisTransform
Transforming kotlin-scripting-common-1.9.22.jar (org.jetbrains.kotlin:kotlin-scripting-common:1.9.22) with InstrumentationAnalysisTransform
Transforming kotlin-gradle-plugin-model-1.9.22.jar (org.jetbrains.kotlin:kotlin-gradle-plugin-model:1.9.22) with InstrumentationAnalysisTransform
Transforming kotlin-gradle-plugin-model-1.9.22.jar (org.jetbrains.kotlin:kotlin-gradle-plugin-model:1.9.22) with MergeInstrumentationAnalysisTransform
Transforming kotlin-gradle-plugin-api-1.9.22.jar (org.jetbrains.kotlin:kotlin-gradle-plugin-api:1.9.22) with InstrumentationAnalysisTransform
Transforming kotlin-gradle-plugin-api-1.9.22.jar (org.jetbrains.kotlin:kotlin-gradle-plugin-api:1.9.22) with MergeInstrumentationAnalysisTransform
Transforming kotlin-gradle-plugin-1.9.22-gradle82.jar (org.jetbrains.kotlin:kotlin-gradle-plugin:1.9.22) with InstrumentationAnalysisTransform
Transforming kotlin-gradle-plugin-1.9.22-gradle82.jar (org.jetbrains.kotlin:kotlin-gradle-plugin:1.9.22) with MergeInstrumentationAnalysisTransform
Transforming kotlin-gradle-plugin-idea-proto-1.9.22.jar (org.jetbrains.kotlin:kotlin-gradle-plugin-idea-proto:1.9.22) with InstrumentationAnalysisTransform
Transforming kotlin-gradle-plugin-idea-proto-1.9.22.jar (org.jetbrains.kotlin:kotlin-gradle-plugin-idea-proto:1.9.22) with MergeInstrumentationAnalysisTransform
Transforming kotlin-gradle-plugin-api-1.9.22.jar (org.jetbrains.kotlin:kotlin-gradle-plugin-api:1.9.22) with ExternalDependencyInstrumentingArtifactTransform
Transforming kotlin-gradle-plugin-idea-1.9.22.jar (org.jetbrains.kotlin:kotlin-gradle-plugin-idea:1.9.22) with InstrumentationAnalysisTransform
Transforming kotlin-gradle-plugin-model-1.9.22.jar (org.jetbrains.kotlin:kotlin-gradle-plugin-model:1.9.22) with ExternalDependencyInstrumentingArtifactTransform
Transforming kotlin-gradle-plugin-idea-proto-1.9.22.jar (org.jetbrains.kotlin:kotlin-gradle-plugin-idea-proto:1.9.22) with ExternalDependencyInstrumentingArtifactTransform
Transforming kotlin-gradle-plugin-idea-1.9.22.jar (org.jetbrains.kotlin:kotlin-gradle-plugin-idea:1.9.22) with MergeInstrumentationAnalysisTransform
Transforming kotlin-gradle-plugin-1.9.22-gradle82.jar (org.jetbrains.kotlin:kotlin-gradle-plugin:1.9.22) with ExternalDependencyInstrumentingArtifactTransform
Transforming kotlin-klib-commonizer-api-1.9.22.jar (org.jetbrains.kotlin:kotlin-klib-commonizer-api:1.9.22) with InstrumentationAnalysisTransform
Transforming kotlin-klib-commonizer-api-1.9.22.jar (org.jetbrains.kotlin:kotlin-klib-commonizer-api:1.9.22) with MergeInstrumentationAnalysisTransform
Transforming kotlin-gradle-plugin-idea-1.9.22.jar (org.jetbrains.kotlin:kotlin-gradle-plugin-idea:1.9.22) with ExternalDependencyInstrumentingArtifactTransform
Transforming kotlin-native-utils-1.9.22.jar (org.jetbrains.kotlin:kotlin-native-utils:1.9.22) with InstrumentationAnalysisTransform
Transforming kotlin-native-utils-1.9.22.jar (org.jetbrains.kotlin:kotlin-native-utils:1.9.22) with MergeInstrumentationAnalysisTransform
Transforming kotlin-klib-commonizer-api-1.9.22.jar (org.jetbrains.kotlin:kotlin-klib-commonizer-api:1.9.22) with ExternalDependencyInstrumentingArtifactTransform
Transforming kotlin-util-klib-1.9.22.jar (org.jetbrains.kotlin:kotlin-util-klib:1.9.22) with InstrumentationAnalysisTransform
Transforming kotlin-util-klib-1.9.22.jar (org.jetbrains.kotlin:kotlin-util-klib:1.9.22) with MergeInstrumentationAnalysisTransform
Transforming kotlin-native-utils-1.9.22.jar (org.jetbrains.kotlin:kotlin-native-utils:1.9.22) with ExternalDependencyInstrumentingArtifactTransform
Transforming kotlin-build-tools-api-1.9.22.jar (org.jetbrains.kotlin:kotlin-build-tools-api:1.9.22) with InstrumentationAnalysisTransform
Transforming kotlin-util-klib-1.9.22.jar (org.jetbrains.kotlin:kotlin-util-klib:1.9.22) with ExternalDependencyInstrumentingArtifactTransform
Transforming kotlin-build-tools-api-1.9.22.jar (org.jetbrains.kotlin:kotlin-build-tools-api:1.9.22) with MergeInstrumentationAnalysisTransform
Transforming kotlin-android-extensions-1.9.22.jar (org.jetbrains.kotlin:kotlin-android-extensions:1.9.22) with InstrumentationAnalysisTransform
Transforming kotlin-android-extensions-1.9.22.jar (org.jetbrains.kotlin:kotlin-android-extensions:1.9.22) with MergeInstrumentationAnalysisTransform
Transforming kotlin-build-tools-api-1.9.22.jar (org.jetbrains.kotlin:kotlin-build-tools-api:1.9.22) with ExternalDependencyInstrumentingArtifactTransform
Transforming kotlin-compiler-runner-1.9.22.jar (org.jetbrains.kotlin:kotlin-compiler-runner:1.9.22) with InstrumentationAnalysisTransform
Transforming kotlin-compiler-runner-1.9.22.jar (org.jetbrains.kotlin:kotlin-compiler-runner:1.9.22) with MergeInstrumentationAnalysisTransform
Transforming kotlin-android-extensions-1.9.22.jar (org.jetbrains.kotlin:kotlin-android-extensions:1.9.22) with ExternalDependencyInstrumentingArtifactTransform
Transforming kotlin-compiler-embeddable-1.9.22.jar (org.jetbrains.kotlin:kotlin-compiler-embeddable:1.9.22) with InstrumentationAnalysisTransform
Transforming kotlin-compiler-embeddable-1.9.22.jar (org.jetbrains.kotlin:kotlin-compiler-embeddable:1.9.22) with MergeInstrumentationAnalysisTransform
Transforming kotlin-compiler-runner-1.9.22.jar (org.jetbrains.kotlin:kotlin-compiler-runner:1.9.22) with ExternalDependencyInstrumentingArtifactTransform
Transforming kotlin-scripting-compiler-embeddable-1.9.22.jar (org.jetbrains.kotlin:kotlin-scripting-compiler-embeddable:1.9.22) with InstrumentationAnalysisTransform
Transforming kotlin-scripting-compiler-embeddable-1.9.22.jar (org.jetbrains.kotlin:kotlin-scripting-compiler-embeddable:1.9.22) with MergeInstrumentationAnalysisTransform
Transforming kotlin-scripting-compiler-impl-embeddable-1.9.22.jar (org.jetbrains.kotlin:kotlin-scripting-compiler-impl-embeddable:1.9.22) with InstrumentationAnalysisTransform
Transforming kotlin-compiler-embeddable-1.9.22.jar (org.jetbrains.kotlin:kotlin-compiler-embeddable:1.9.22) with ExternalDependencyInstrumentingArtifactTransform
Transforming kotlin-scripting-compiler-impl-embeddable-1.9.22.jar (org.jetbrains.kotlin:kotlin-scripting-compiler-impl-embeddable:1.9.22) with MergeInstrumentationAnalysisTransform
Transforming kotlin-scripting-compiler-embeddable-1.9.22.jar (org.jetbrains.kotlin:kotlin-scripting-compiler-embeddable:1.9.22) with ExternalDependencyInstrumentingArtifactTransform
Transforming kotlin-scripting-compiler-impl-embeddable-1.9.22.jar (org.jetbrains.kotlin:kotlin-scripting-compiler-impl-embeddable:1.9.22) with ExternalDependencyInstrumentingArtifactTransform
Transforming kotlin-gradle-plugin-annotations-1.9.22.jar (org.jetbrains.kotlin:kotlin-gradle-plugin-annotations:1.9.22) with InstrumentationAnalysisTransform
Transforming kotlin-gradle-plugin-annotations-1.9.22.jar (org.jetbrains.kotlin:kotlin-gradle-plugin-annotations:1.9.22) with MergeInstrumentationAnalysisTransform
Transforming kotlin-project-model-1.9.22.jar (org.jetbrains.kotlin:kotlin-project-model:1.9.22) with InstrumentationAnalysisTransform
Transforming kotlin-project-model-1.9.22.jar (org.jetbrains.kotlin:kotlin-project-model:1.9.22) with MergeInstrumentationAnalysisTransform
Transforming kotlin-tooling-core-1.9.22.jar (org.jetbrains.kotlin:kotlin-tooling-core:1.9.22) with InstrumentationAnalysisTransform
Transforming kotlin-tooling-core-1.9.22.jar (org.jetbrains.kotlin:kotlin-tooling-core:1.9.22) with MergeInstrumentationAnalysisTransform
Transforming kotlin-util-io-1.9.22.jar (org.jetbrains.kotlin:kotlin-util-io:1.9.22) with InstrumentationAnalysisTransform
Transforming kotlin-util-io-1.9.22.jar (org.jetbrains.kotlin:kotlin-util-io:1.9.22) with MergeInstrumentationAnalysisTransform
Transforming kotlin-daemon-embeddable-1.9.22.jar (org.jetbrains.kotlin:kotlin-daemon-embeddable:1.9.22) with InstrumentationAnalysisTransform
Transforming kotlin-daemon-embeddable-1.9.22.jar (org.jetbrains.kotlin:kotlin-daemon-embeddable:1.9.22) with MergeInstrumentationAnalysisTransform
Transforming kotlin-gradle-plugin-annotations-1.9.22.jar (org.jetbrains.kotlin:kotlin-gradle-plugin-annotations:1.9.22) with ExternalDependencyInstrumentingArtifactTransform
Transforming kotlin-util-io-1.9.22.jar (org.jetbrains.kotlin:kotlin-util-io:1.9.22) with ExternalDependencyInstrumentingArtifactTransform
Transforming kotlin-tooling-core-1.9.22.jar (org.jetbrains.kotlin:kotlin-tooling-core:1.9.22) with ExternalDependencyInstrumentingArtifactTransform
Transforming kotlin-project-model-1.9.22.jar (org.jetbrains.kotlin:kotlin-project-model:1.9.22) with ExternalDependencyInstrumentingArtifactTransform
Transforming kotlin-daemon-embeddable-1.9.22.jar (org.jetbrains.kotlin:kotlin-daemon-embeddable:1.9.22) with ExternalDependencyInstrumentingArtifactTransform
Transforming trove4j-1.0.20200330.jar (org.jetbrains.intellij.deps:trove4j:1.0.20200330) with InstrumentationAnalysisTransform
Transforming trove4j-1.0.20200330.jar (org.jetbrains.intellij.deps:trove4j:1.0.20200330) with MergeInstrumentationAnalysisTransform
Transforming kotlin-daemon-client-1.9.22.jar (org.jetbrains.kotlin:kotlin-daemon-client:1.9.22) with InstrumentationAnalysisTransform
Transforming kotlin-daemon-client-1.9.22.jar (org.jetbrains.kotlin:kotlin-daemon-client:1.9.22) with MergeInstrumentationAnalysisTransform
Transforming kotlinx-coroutines-core-jvm-1.5.0.jar (org.jetbrains.kotlinx:kotlinx-coroutines-core-jvm:1.5.0) with InstrumentationAnalysisTransform
Transforming trove4j-1.0.20200330.jar (org.jetbrains.intellij.deps:trove4j:1.0.20200330) with ExternalDependencyInstrumentingArtifactTransform
Transforming kotlin-daemon-client-1.9.22.jar (org.jetbrains.kotlin:kotlin-daemon-client:1.9.22) with ExternalDependencyInstrumentingArtifactTransform
Transforming kotlinx-coroutines-core-jvm-1.5.0.jar (org.jetbrains.kotlinx:kotlinx-coroutines-core-jvm:1.5.0) with MergeInstrumentationAnalysisTransform
Transforming kotlin-scripting-jvm-1.9.22.jar (org.jetbrains.kotlin:kotlin-scripting-jvm:1.9.22) with InstrumentationAnalysisTransform
Transforming kotlin-scripting-jvm-1.9.22.jar (org.jetbrains.kotlin:kotlin-scripting-jvm:1.9.22) with MergeInstrumentationAnalysisTransform
Transforming kotlin-scripting-common-1.9.22.jar (org.jetbrains.kotlin:kotlin-scripting-common:1.9.22) with InstrumentationAnalysisTransform
Transforming kotlin-scripting-common-1.9.22.jar (org.jetbrains.kotlin:kotlin-scripting-common:1.9.22) with MergeInstrumentationAnalysisTransform
Transforming kotlinx-coroutines-core-jvm-1.5.0.jar (org.jetbrains.kotlinx:kotlinx-coroutines-core-jvm:1.5.0) with ExternalDependencyInstrumentingArtifactTransform
Transforming kotlin-scripting-jvm-1.9.22.jar (org.jetbrains.kotlin:kotlin-scripting-jvm:1.9.22) with ExternalDependencyInstrumentingArtifactTransform
Transforming kotlin-scripting-common-1.9.22.jar (org.jetbrains.kotlin:kotlin-scripting-common:1.9.22) with ExternalDependencyInstrumentingArtifactTransform
Using Kotlin Gradle Plugin gradle82 variant
kotlin scripting plugin: created the scripting discovery configuration: kotlinScriptDef
kotlin scripting plugin: created the scripting discovery configuration: testKotlinScriptDef

> Configure project :react-settings-plugin
Evaluating project ':react-settings-plugin' using build file 'D:\NutriScan\android\react-settings-plugin\build.gradle.kts'.
Transforming kotlin-gradle-plugin-model-1.9.24.jar (org.jetbrains.kotlin:kotlin-gradle-plugin-model:1.9.24) with InstrumentationAnalysisTransform
Transforming kotlin-gradle-plugin-api-1.9.24.jar (org.jetbrains.kotlin:kotlin-gradle-plugin-api:1.9.24) with InstrumentationAnalysisTransform
Transforming kotlin-gradle-plugin-1.9.24-gradle82.jar (org.jetbrains.kotlin:kotlin-gradle-plugin:1.9.24) with InstrumentationAnalysisTransform
Transforming kotlin-gradle-plugin-idea-proto-1.9.24.jar (org.jetbrains.kotlin:kotlin-gradle-plugin-idea-proto:1.9.24) with InstrumentationAnalysisTransform
Transforming kotlin-gradle-plugin-idea-1.9.24.jar (org.jetbrains.kotlin:kotlin-gradle-plugin-idea:1.9.24) with InstrumentationAnalysisTransform
Transforming kotlin-klib-commonizer-api-1.9.24.jar (org.jetbrains.kotlin:kotlin-klib-commonizer-api:1.9.24) with InstrumentationAnalysisTransform
Transforming kotlin-native-utils-1.9.24.jar (org.jetbrains.kotlin:kotlin-native-utils:1.9.24) with InstrumentationAnalysisTransform
Transforming kotlin-util-klib-1.9.24.jar (org.jetbrains.kotlin:kotlin-util-klib:1.9.24) with InstrumentationAnalysisTransform
Transforming kotlin-build-tools-api-1.9.24.jar (org.jetbrains.kotlin:kotlin-build-tools-api:1.9.24) with InstrumentationAnalysisTransform
Transforming kotlin-android-extensions-1.9.24.jar (org.jetbrains.kotlin:kotlin-android-extensions:1.9.24) with InstrumentationAnalysisTransform
Transforming kotlin-compiler-runner-1.9.24.jar (org.jetbrains.kotlin:kotlin-compiler-runner:1.9.24) with InstrumentationAnalysisTransform
Transforming kotlin-compiler-embeddable-1.9.24.jar (org.jetbrains.kotlin:kotlin-compiler-embeddable:1.9.24) with InstrumentationAnalysisTransform
Transforming kotlin-scripting-compiler-embeddable-1.9.24.jar (org.jetbrains.kotlin:kotlin-scripting-compiler-embeddable:1.9.24) with InstrumentationAnalysisTransform
Transforming kotlin-scripting-compiler-impl-embeddable-1.9.24.jar (org.jetbrains.kotlin:kotlin-scripting-compiler-impl-embeddable:1.9.24) with InstrumentationAnalysisTransform
Transforming kotlin-gradle-plugin-annotations-1.9.24.jar (org.jetbrains.kotlin:kotlin-gradle-plugin-annotations:1.9.24) with InstrumentationAnalysisTransform
Transforming kotlin-project-model-1.9.24.jar (org.jetbrains.kotlin:kotlin-project-model:1.9.24) with InstrumentationAnalysisTransform
Transforming kotlin-tooling-core-1.9.24.jar (org.jetbrains.kotlin:kotlin-tooling-core:1.9.24) with InstrumentationAnalysisTransform
Transforming kotlin-util-io-1.9.24.jar (org.jetbrains.kotlin:kotlin-util-io:1.9.24) with InstrumentationAnalysisTransform
Transforming kotlin-daemon-embeddable-1.9.24.jar (org.jetbrains.kotlin:kotlin-daemon-embeddable:1.9.24) with InstrumentationAnalysisTransform
Transforming trove4j-1.0.20200330.jar (org.jetbrains.intellij.deps:trove4j:1.0.20200330) with InstrumentationAnalysisTransform
Transforming kotlin-daemon-client-1.9.24.jar (org.jetbrains.kotlin:kotlin-daemon-client:1.9.24) with InstrumentationAnalysisTransform
Transforming kotlinx-coroutines-core-jvm-1.5.0.jar (org.jetbrains.kotlinx:kotlinx-coroutines-core-jvm:1.5.0) with InstrumentationAnalysisTransform
Transforming kotlin-scripting-jvm-1.9.24.jar (org.jetbrains.kotlin:kotlin-scripting-jvm:1.9.24) with InstrumentationAnalysisTransform
Transforming kotlin-scripting-common-1.9.24.jar (org.jetbrains.kotlin:kotlin-scripting-common:1.9.24) with InstrumentationAnalysisTransform
Transforming kotlin-gradle-plugin-model-1.9.24.jar (org.jetbrains.kotlin:kotlin-gradle-plugin-model:1.9.24) with InstrumentationAnalysisTransform
Transforming kotlin-gradle-plugin-model-1.9.24.jar (org.jetbrains.kotlin:kotlin-gradle-plugin-model:1.9.24) with MergeInstrumentationAnalysisTransform
Transforming kotlin-gradle-plugin-api-1.9.24.jar (org.jetbrains.kotlin:kotlin-gradle-plugin-api:1.9.24) with InstrumentationAnalysisTransform
Transforming kotlin-gradle-plugin-api-1.9.24.jar (org.jetbrains.kotlin:kotlin-gradle-plugin-api:1.9.24) with MergeInstrumentationAnalysisTransform
Transforming kotlin-gradle-plugin-1.9.24-gradle82.jar (org.jetbrains.kotlin:kotlin-gradle-plugin:1.9.24) with InstrumentationAnalysisTransform
Transforming kotlin-gradle-plugin-1.9.24-gradle82.jar (org.jetbrains.kotlin:kotlin-gradle-plugin:1.9.24) with MergeInstrumentationAnalysisTransform
Transforming kotlin-gradle-plugin-idea-proto-1.9.24.jar (org.jetbrains.kotlin:kotlin-gradle-plugin-idea-proto:1.9.24) with InstrumentationAnalysisTransform
Transforming kotlin-gradle-plugin-idea-proto-1.9.24.jar (org.jetbrains.kotlin:kotlin-gradle-plugin-idea-proto:1.9.24) with MergeInstrumentationAnalysisTransform
Transforming kotlin-gradle-plugin-idea-1.9.24.jar (org.jetbrains.kotlin:kotlin-gradle-plugin-idea:1.9.24) with InstrumentationAnalysisTransform
Transforming kotlin-gradle-plugin-idea-1.9.24.jar (org.jetbrains.kotlin:kotlin-gradle-plugin-idea:1.9.24) with MergeInstrumentationAnalysisTransform
Transforming kotlin-gradle-plugin-api-1.9.24.jar (org.jetbrains.kotlin:kotlin-gradle-plugin-api:1.9.24) with ExternalDependencyInstrumentingArtifactTransform
Transforming kotlin-gradle-plugin-model-1.9.24.jar (org.jetbrains.kotlin:kotlin-gradle-plugin-model:1.9.24) with ExternalDependencyInstrumentingArtifactTransform
Transforming kotlin-gradle-plugin-1.9.24-gradle82.jar (org.jetbrains.kotlin:kotlin-gradle-plugin:1.9.24) with ExternalDependencyInstrumentingArtifactTransform
Transforming kotlin-gradle-plugin-idea-proto-1.9.24.jar (org.jetbrains.kotlin:kotlin-gradle-plugin-idea-proto:1.9.24) with ExternalDependencyInstrumentingArtifactTransform
Transforming kotlin-klib-commonizer-api-1.9.24.jar (org.jetbrains.kotlin:kotlin-klib-commonizer-api:1.9.24) with InstrumentationAnalysisTransform
Transforming kotlin-klib-commonizer-api-1.9.24.jar (org.jetbrains.kotlin:kotlin-klib-commonizer-api:1.9.24) with MergeInstrumentationAnalysisTransform
Transforming kotlin-gradle-plugin-idea-1.9.24.jar (org.jetbrains.kotlin:kotlin-gradle-plugin-idea:1.9.24) with ExternalDependencyInstrumentingArtifactTransform
Transforming kotlin-native-utils-1.9.24.jar (org.jetbrains.kotlin:kotlin-native-utils:1.9.24) with InstrumentationAnalysisTransform
Transforming kotlin-native-utils-1.9.24.jar (org.jetbrains.kotlin:kotlin-native-utils:1.9.24) with MergeInstrumentationAnalysisTransform
Transforming kotlin-util-klib-1.9.24.jar (org.jetbrains.kotlin:kotlin-util-klib:1.9.24) with InstrumentationAnalysisTransform
Transforming kotlin-util-klib-1.9.24.jar (org.jetbrains.kotlin:kotlin-util-klib:1.9.24) with MergeInstrumentationAnalysisTransform
Transforming kotlin-build-tools-api-1.9.24.jar (org.jetbrains.kotlin:kotlin-build-tools-api:1.9.24) with InstrumentationAnalysisTransform
Transforming kotlin-build-tools-api-1.9.24.jar (org.jetbrains.kotlin:kotlin-build-tools-api:1.9.24) with MergeInstrumentationAnalysisTransform
Transforming kotlin-klib-commonizer-api-1.9.24.jar (org.jetbrains.kotlin:kotlin-klib-commonizer-api:1.9.24) with ExternalDependencyInstrumentingArtifactTransform
Transforming kotlin-android-extensions-1.9.24.jar (org.jetbrains.kotlin:kotlin-android-extensions:1.9.24) with InstrumentationAnalysisTransform
Transforming kotlin-android-extensions-1.9.24.jar (org.jetbrains.kotlin:kotlin-android-extensions:1.9.24) with MergeInstrumentationAnalysisTransform
Transforming kotlin-native-utils-1.9.24.jar (org.jetbrains.kotlin:kotlin-native-utils:1.9.24) with ExternalDependencyInstrumentingArtifactTransform
Transforming kotlin-util-klib-1.9.24.jar (org.jetbrains.kotlin:kotlin-util-klib:1.9.24) with ExternalDependencyInstrumentingArtifactTransform
Transforming kotlin-build-tools-api-1.9.24.jar (org.jetbrains.kotlin:kotlin-build-tools-api:1.9.24) with ExternalDependencyInstrumentingArtifactTransform
Transforming kotlin-compiler-runner-1.9.24.jar (org.jetbrains.kotlin:kotlin-compiler-runner:1.9.24) with InstrumentationAnalysisTransform
Transforming kotlin-compiler-runner-1.9.24.jar (org.jetbrains.kotlin:kotlin-compiler-runner:1.9.24) with MergeInstrumentationAnalysisTransform
Transforming kotlin-android-extensions-1.9.24.jar (org.jetbrains.kotlin:kotlin-android-extensions:1.9.24) with ExternalDependencyInstrumentingArtifactTransform
Transforming kotlin-compiler-embeddable-1.9.24.jar (org.jetbrains.kotlin:kotlin-compiler-embeddable:1.9.24) with InstrumentationAnalysisTransform
Transforming kotlin-compiler-embeddable-1.9.24.jar (org.jetbrains.kotlin:kotlin-compiler-embeddable:1.9.24) with MergeInstrumentationAnalysisTransform
Transforming kotlin-scripting-compiler-embeddable-1.9.24.jar (org.jetbrains.kotlin:kotlin-scripting-compiler-embeddable:1.9.24) with InstrumentationAnalysisTransform
Transforming kotlin-scripting-compiler-embeddable-1.9.24.jar (org.jetbrains.kotlin:kotlin-scripting-compiler-embeddable:1.9.24) with MergeInstrumentationAnalysisTransform
Transforming kotlin-compiler-runner-1.9.24.jar (org.jetbrains.kotlin:kotlin-compiler-runner:1.9.24) with ExternalDependencyInstrumentingArtifactTransform
Transforming kotlin-scripting-compiler-impl-embeddable-1.9.24.jar (org.jetbrains.kotlin:kotlin-scripting-compiler-impl-embeddable:1.9.24) with InstrumentationAnalysisTransform
Transforming kotlin-scripting-compiler-embeddable-1.9.24.jar (org.jetbrains.kotlin:kotlin-scripting-compiler-embeddable:1.9.24) with ExternalDependencyInstrumentingArtifactTransform
Transforming kotlin-scripting-compiler-impl-embeddable-1.9.24.jar (org.jetbrains.kotlin:kotlin-scripting-compiler-impl-embeddable:1.9.24) with MergeInstrumentationAnalysisTransform
Transforming kotlin-gradle-plugin-annotations-1.9.24.jar (org.jetbrains.kotlin:kotlin-gradle-plugin-annotations:1.9.24) with InstrumentationAnalysisTransform
Transforming kotlin-gradle-plugin-annotations-1.9.24.jar (org.jetbrains.kotlin:kotlin-gradle-plugin-annotations:1.9.24) with MergeInstrumentationAnalysisTransform
Transforming kotlin-project-model-1.9.24.jar (org.jetbrains.kotlin:kotlin-project-model:1.9.24) with InstrumentationAnalysisTransform
Transforming kotlin-project-model-1.9.24.jar (org.jetbrains.kotlin:kotlin-project-model:1.9.24) with MergeInstrumentationAnalysisTransform
Transforming kotlin-compiler-embeddable-1.9.24.jar (org.jetbrains.kotlin:kotlin-compiler-embeddable:1.9.24) with ExternalDependencyInstrumentingArtifactTransform
Transforming kotlin-tooling-core-1.9.24.jar (org.jetbrains.kotlin:kotlin-tooling-core:1.9.24) with InstrumentationAnalysisTransform
Transforming kotlin-scripting-compiler-impl-embeddable-1.9.24.jar (org.jetbrains.kotlin:kotlin-scripting-compiler-impl-embeddable:1.9.24) with ExternalDependencyInstrumentingArtifactTransform
Transforming kotlin-tooling-core-1.9.24.jar (org.jetbrains.kotlin:kotlin-tooling-core:1.9.24) with MergeInstrumentationAnalysisTransform
Transforming kotlin-gradle-plugin-annotations-1.9.24.jar (org.jetbrains.kotlin:kotlin-gradle-plugin-annotations:1.9.24) with ExternalDependencyInstrumentingArtifactTransform
Transforming kotlin-util-io-1.9.24.jar (org.jetbrains.kotlin:kotlin-util-io:1.9.24) with InstrumentationAnalysisTransform
Transforming kotlin-project-model-1.9.24.jar (org.jetbrains.kotlin:kotlin-project-model:1.9.24) with ExternalDependencyInstrumentingArtifactTransform
Transforming kotlin-tooling-core-1.9.24.jar (org.jetbrains.kotlin:kotlin-tooling-core:1.9.24) with ExternalDependencyInstrumentingArtifactTransform
Transforming kotlin-util-io-1.9.24.jar (org.jetbrains.kotlin:kotlin-util-io:1.9.24) with MergeInstrumentationAnalysisTransform
Transforming kotlin-daemon-embeddable-1.9.24.jar (org.jetbrains.kotlin:kotlin-daemon-embeddable:1.9.24) with InstrumentationAnalysisTransform
Transforming kotlin-daemon-embeddable-1.9.24.jar (org.jetbrains.kotlin:kotlin-daemon-embeddable:1.9.24) with MergeInstrumentationAnalysisTransform
Transforming trove4j-1.0.20200330.jar (org.jetbrains.intellij.deps:trove4j:1.0.20200330) with InstrumentationAnalysisTransform
Transforming trove4j-1.0.20200330.jar (org.jetbrains.intellij.deps:trove4j:1.0.20200330) with MergeInstrumentationAnalysisTransform
Transforming kotlin-daemon-client-1.9.24.jar (org.jetbrains.kotlin:kotlin-daemon-client:1.9.24) with InstrumentationAnalysisTransform
Transforming kotlin-daemon-client-1.9.24.jar (org.jetbrains.kotlin:kotlin-daemon-client:1.9.24) with MergeInstrumentationAnalysisTransform
Transforming kotlinx-coroutines-core-jvm-1.5.0.jar (org.jetbrains.kotlinx:kotlinx-coroutines-core-jvm:1.5.0) with InstrumentationAnalysisTransform
Transforming kotlinx-coroutines-core-jvm-1.5.0.jar (org.jetbrains.kotlinx:kotlinx-coroutines-core-jvm:1.5.0) with MergeInstrumentationAnalysisTransform
Transforming kotlin-scripting-jvm-1.9.24.jar (org.jetbrains.kotlin:kotlin-scripting-jvm:1.9.24) with InstrumentationAnalysisTransform
Transforming kotlin-scripting-jvm-1.9.24.jar (org.jetbrains.kotlin:kotlin-scripting-jvm:1.9.24) with MergeInstrumentationAnalysisTransform
Transforming kotlin-scripting-common-1.9.24.jar (org.jetbrains.kotlin:kotlin-scripting-common:1.9.24) with InstrumentationAnalysisTransform
Transforming kotlin-scripting-common-1.9.24.jar (org.jetbrains.kotlin:kotlin-scripting-common:1.9.24) with MergeInstrumentationAnalysisTransform
Transforming trove4j-1.0.20200330.jar (org.jetbrains.intellij.deps:trove4j:1.0.20200330) with ExternalDependencyInstrumentingArtifactTransform
Transforming kotlinx-coroutines-core-jvm-1.5.0.jar (org.jetbrains.kotlinx:kotlinx-coroutines-core-jvm:1.5.0) with ExternalDependencyInstrumentingArtifactTransform
Transforming kotlin-daemon-embeddable-1.9.24.jar (org.jetbrains.kotlin:kotlin-daemon-embeddable:1.9.24) with ExternalDependencyInstrumentingArtifactTransform
Transforming kotlin-util-io-1.9.24.jar (org.jetbrains.kotlin:kotlin-util-io:1.9.24) with ExternalDependencyInstrumentingArtifactTransform
Transforming kotlin-scripting-common-1.9.24.jar (org.jetbrains.kotlin:kotlin-scripting-common:1.9.24) with ExternalDependencyInstrumentingArtifactTransform
Transforming kotlin-scripting-jvm-1.9.24.jar (org.jetbrains.kotlin:kotlin-scripting-jvm:1.9.24) with ExternalDependencyInstrumentingArtifactTransform
Transforming kotlin-daemon-client-1.9.24.jar (org.jetbrains.kotlin:kotlin-daemon-client:1.9.24) with ExternalDependencyInstrumentingArtifactTransform
Using Kotlin Gradle Plugin gradle82 variant
kotlin scripting plugin: created the scripting discovery configuration: kotlinScriptDef
kotlin scripting plugin: created the scripting discovery configuration: testKotlinScriptDef
Resolve mutations for :react-settings-plugin:checkKotlinGradlePluginConfigurationErrors (Thread[#1597,Execution worker Thread 2,5,main]) started.
:react-settings-plugin:checkKotlinGradlePluginConfigurationErrors (Thread[#1597,Execution worker Thread 2,5,main]) started.

> Task :react-settings-plugin:checkKotlinGradlePluginConfigurationErrors
Caching disabled for task ':react-settings-plugin:checkKotlinGradlePluginConfigurationErrors' because:
  Build cache is disabled
Task ':react-settings-plugin:checkKotlinGradlePluginConfigurationErrors' is not up-to-date because:
  Task has not declared any outputs despite executing actions.
Resolve mutations for :react-settings-plugin:compileKotlin (Thread[#1597,Execution worker Thread 2,5,main]) started.
:react-settings-plugin:compileKotlin (Thread[#1597,Execution worker Thread 2,5,main]) started.

> Task :react-settings-plugin:compileKotlin UP-TO-DATE
Transforming gradle-api-8.8.jar with ClasspathEntrySnapshotTransform
Transforming groovy-3.0.21.jar with ClasspathEntrySnapshotTransform
Transforming groovy-ant-3.0.21.jar with ClasspathEntrySnapshotTransform
Transforming groovy-astbuilder-3.0.21.jar with ClasspathEntrySnapshotTransform
Transforming groovy-console-3.0.21.jar with ClasspathEntrySnapshotTransform
Transforming groovy-datetime-3.0.21.jar with ClasspathEntrySnapshotTransform
Transforming groovy-dateutil-3.0.21.jar with ClasspathEntrySnapshotTransform
Transforming groovy-groovydoc-3.0.21.jar with ClasspathEntrySnapshotTransform
Transforming groovy-json-3.0.21.jar with ClasspathEntrySnapshotTransform
Transforming groovy-nio-3.0.21.jar with ClasspathEntrySnapshotTransform
Transforming groovy-sql-3.0.21.jar with ClasspathEntrySnapshotTransform
Transforming groovy-templates-3.0.21.jar with ClasspathEntrySnapshotTransform
Transforming groovy-test-3.0.21.jar with ClasspathEntrySnapshotTransform
Transforming groovy-xml-3.0.21.jar with ClasspathEntrySnapshotTransform
Transforming javaparser-core-3.17.0.jar with ClasspathEntrySnapshotTransform
Transforming kotlin-reflect-1.9.22.jar with ClasspathEntrySnapshotTransform
Transforming kotlin-stdlib-1.9.22.jar with ClasspathEntrySnapshotTransform
Transforming gradle-installation-beacon-8.8.jar with ClasspathEntrySnapshotTransform
Transforming kotlin-stdlib-1.9.24.jar with ClasspathEntrySnapshotTransform
Transforming annotations-13.0.jar with ClasspathEntrySnapshotTransform
Caching disabled for task ':react-settings-plugin:compileKotlin' because:
  Build cache is disabled
Skipping task ':react-settings-plugin:compileKotlin' as it is up-to-date.
Resolve mutations for :react-settings-plugin:compileJava (Thread[#1597,Execution worker Thread 2,5,main]) started.
:react-settings-plugin:compileJava (Thread[#1597,Execution worker Thread 2,5,main]) started.

> Task :react-settings-plugin:compileJava NO-SOURCE
Skipping task ':react-settings-plugin:compileJava' as it has no source files and no previous output files.
Resolve mutations for :react-settings-plugin:pluginDescriptors (Thread[#1597,Execution worker Thread 2,5,main]) started.
:react-settings-plugin:pluginDescriptors (Thread[#1597,Execution worker Thread 2,5,main]) started.

> Task :react-settings-plugin:pluginDescriptors UP-TO-DATE
Caching disabled for task ':react-settings-plugin:pluginDescriptors' because:
  Build cache is disabled
  Not worth caching
Skipping task ':react-settings-plugin:pluginDescriptors' as it is up-to-date.
Resolve mutations for :react-settings-plugin:processResources (Thread[#1597,Execution worker Thread 2,5,main]) started.
:react-settings-plugin:processResources (Thread[#1597,Execution worker Thread 2,5,main]) started.

> Task :react-settings-plugin:processResources UP-TO-DATE
Caching disabled for task ':react-settings-plugin:processResources' because:
  Build cache is disabled
  Not worth caching
Skipping task ':react-settings-plugin:processResources' as it is up-to-date.
Resolve mutations for :react-settings-plugin:classes (Thread[#1597,Execution worker Thread 2,5,main]) started.
:react-settings-plugin:classes (Thread[#1597,Execution worker Thread 2,5,main]) started.

> Task :react-settings-plugin:classes UP-TO-DATE
Skipping task ':react-settings-plugin:classes' as it has no actions.
Resolve mutations for :react-settings-plugin:jar (Thread[#1597,Execution worker Thread 2,5,main]) started.
:react-settings-plugin:jar (Thread[#1597,Execution worker Thread 2,5,main]) started.

> Task :react-settings-plugin:jar UP-TO-DATE
Caching disabled for task ':react-settings-plugin:jar' because:
  Build cache is disabled
  Not worth caching
Skipping task ':react-settings-plugin:jar' as it is up-to-date.
Transforming kotlin-stdlib-1.9.24.jar (org.jetbrains.kotlin:kotlin-stdlib:1.9.24) with InstrumentationAnalysisTransform
Transforming annotations-13.0.jar (org.jetbrains:annotations:13.0) with InstrumentationAnalysisTransform
Transforming main (project :react-settings-plugin) with InstrumentationAnalysisTransform
Transforming main (project :react-settings-plugin) with InstrumentationAnalysisTransform
Transforming kotlin-stdlib-1.9.24.jar (org.jetbrains.kotlin:kotlin-stdlib:1.9.24) with InstrumentationAnalysisTransform
Transforming kotlin-stdlib-1.9.24.jar (org.jetbrains.kotlin:kotlin-stdlib:1.9.24) with MergeInstrumentationAnalysisTransform
Transforming annotations-13.0.jar (org.jetbrains:annotations:13.0) with InstrumentationAnalysisTransform
Transforming annotations-13.0.jar (org.jetbrains:annotations:13.0) with MergeInstrumentationAnalysisTransform
Transforming annotations-13.0.jar (org.jetbrains:annotations:13.0) with ExternalDependencyInstrumentingArtifactTransform
Transforming kotlin-stdlib-1.9.24.jar (org.jetbrains.kotlin:kotlin-stdlib:1.9.24) with ExternalDependencyInstrumentingArtifactTransform
Transforming react-settings-plugin.jar (project :react-settings-plugin) with ProjectDependencyInstrumentingArtifactTransform
Starting process 'command 'node''. Working directory: D:\NutriScan\android Command: node -e console.log(require('react-native/package.json').version);
Successfully started process 'command 'node''
Starting process 'command 'node''. Working directory: D:\NutriScan\android Command: node --print require.resolve('expo-modules-autolinking/package.json', { paths: [require.resolve('expo/package.json')] })
Successfully started process 'command 'node''
Starting process 'command 'node''. Working directory: D:\NutriScan\android Command: node --no-warnings --eval require(require.resolve('expo-modules-autolinking', { paths: [require.resolve('expo')] }))(process.argv.slice(1)) -- resolve --platform android --json
Successfully started process 'command 'node''
Starting process 'command 'node''. Working directory: D:\NutriScan\android Command: node -e console.log(require('react-native/package.json').version);
Successfully started process 'command 'node''
Starting process 'command 'node''. Working directory: D:\NutriScan\android Command: node -e try {console.log(require('@react-native-community/cli').bin);} catch (e) {console.log(require('react-native/cli').bin);}
Successfully started process 'command 'node''
Starting process 'command 'node''. Working directory: D:\NutriScan\android Command: node D:\NutriScan\node_modules\@react-native-community\cli\build\bin.js config
Successfully started process 'command 'node''
:ReactNative:Automatically adding native module '@react-native-async-storage/async-storage'
:ReactNative:Automatically adding native module '@react-native-picker/picker'
:ReactNative:Automatically adding native module 'expo'
:ReactNative:Automatically adding native module 'react-native-safe-area-context'
:ReactNative:Automatically adding native module 'react-native-screens'
Settings evaluated using settings file 'D:\NutriScan\android\settings.gradle'.
Now considering [D:\NutriScan\node_modules\expo-dev-launcher\expo-dev-launcher-gradle-plugin, D:\NutriScan\android\react-settings-plugin, D:\NutriScan\node_modules\@react-native\gradle-plugin, D:\NutriScan\android] as hierarchies to watch
Projects loaded. Root project using build file 'D:\NutriScan\android\build.gradle'.
Included projects: [root project 'foodapp', project ':app', project ':expo', project ':expo-asset', project ':expo-camera', project ':expo-constants', project ':expo-dev-client', project ':expo-dev-launcher', project ':expo-dev-menu', project ':expo-dev-menu-interface', project ':expo-file-system', project ':expo-font', project ':expo-image-loader', project ':expo-image-picker', project ':expo-json-utils', project ':expo-keep-awake', project ':expo-linear-gradient', project ':expo-manifests', project ':expo-media-library', project ':expo-modules-core', project ':expo-updates-interface', project ':react-native-async-storage_async-storage', project ':react-native-picker_picker', project ':react-native-safe-area-context', project ':react-native-screens']

> Configure project :expo-dev-launcher-gradle-plugin
Evaluating project ':expo-dev-launcher-gradle-plugin' using build file 'D:\NutriScan\node_modules\expo-dev-launcher\expo-dev-launcher-gradle-plugin\build.gradle.kts'.
Transforming kotlin-gradle-plugin-model-1.9.23.jar (org.jetbrains.kotlin:kotlin-gradle-plugin-model:1.9.23) with InstrumentationAnalysisTransform
Transforming kotlin-gradle-plugin-api-1.9.23.jar (org.jetbrains.kotlin:kotlin-gradle-plugin-api:1.9.23) with InstrumentationAnalysisTransform
Transforming kotlin-gradle-plugin-1.9.23-gradle82.jar (org.jetbrains.kotlin:kotlin-gradle-plugin:1.9.23) with InstrumentationAnalysisTransform
Transforming kotlin-gradle-plugin-idea-proto-1.9.23.jar (org.jetbrains.kotlin:kotlin-gradle-plugin-idea-proto:1.9.23) with InstrumentationAnalysisTransform
Transforming kotlin-gradle-plugin-idea-1.9.23.jar (org.jetbrains.kotlin:kotlin-gradle-plugin-idea:1.9.23) with InstrumentationAnalysisTransform
Transforming kotlin-klib-commonizer-api-1.9.23.jar (org.jetbrains.kotlin:kotlin-klib-commonizer-api:1.9.23) with InstrumentationAnalysisTransform
Transforming kotlin-native-utils-1.9.23.jar (org.jetbrains.kotlin:kotlin-native-utils:1.9.23) with InstrumentationAnalysisTransform
Transforming kotlin-util-klib-1.9.23.jar (org.jetbrains.kotlin:kotlin-util-klib:1.9.23) with InstrumentationAnalysisTransform
Transforming kotlin-build-tools-api-1.9.23.jar (org.jetbrains.kotlin:kotlin-build-tools-api:1.9.23) with InstrumentationAnalysisTransform
Transforming kotlin-android-extensions-1.9.23.jar (org.jetbrains.kotlin:kotlin-android-extensions:1.9.23) with InstrumentationAnalysisTransform
Transforming kotlin-compiler-runner-1.9.23.jar (org.jetbrains.kotlin:kotlin-compiler-runner:1.9.23) with InstrumentationAnalysisTransform
Transforming kotlin-compiler-embeddable-1.9.23.jar (org.jetbrains.kotlin:kotlin-compiler-embeddable:1.9.23) with InstrumentationAnalysisTransform
Transforming kotlin-scripting-compiler-embeddable-1.9.23.jar (org.jetbrains.kotlin:kotlin-scripting-compiler-embeddable:1.9.23) with InstrumentationAnalysisTransform
Transforming kotlin-scripting-compiler-impl-embeddable-1.9.23.jar (org.jetbrains.kotlin:kotlin-scripting-compiler-impl-embeddable:1.9.23) with InstrumentationAnalysisTransform
Transforming kotlin-gradle-plugin-annotations-1.9.23.jar (org.jetbrains.kotlin:kotlin-gradle-plugin-annotations:1.9.23) with InstrumentationAnalysisTransform
Transforming kotlin-project-model-1.9.23.jar (org.jetbrains.kotlin:kotlin-project-model:1.9.23) with InstrumentationAnalysisTransform
Transforming kotlin-tooling-core-1.9.23.jar (org.jetbrains.kotlin:kotlin-tooling-core:1.9.23) with InstrumentationAnalysisTransform
Transforming kotlin-util-io-1.9.23.jar (org.jetbrains.kotlin:kotlin-util-io:1.9.23) with InstrumentationAnalysisTransform
Transforming kotlin-daemon-embeddable-1.9.23.jar (org.jetbrains.kotlin:kotlin-daemon-embeddable:1.9.23) with InstrumentationAnalysisTransform
Transforming trove4j-1.0.20200330.jar (org.jetbrains.intellij.deps:trove4j:1.0.20200330) with InstrumentationAnalysisTransform
Transforming kotlin-daemon-client-1.9.23.jar (org.jetbrains.kotlin:kotlin-daemon-client:1.9.23) with InstrumentationAnalysisTransform
Transforming kotlinx-coroutines-core-jvm-1.5.0.jar (org.jetbrains.kotlinx:kotlinx-coroutines-core-jvm:1.5.0) with InstrumentationAnalysisTransform
Transforming kotlin-scripting-jvm-1.9.23.jar (org.jetbrains.kotlin:kotlin-scripting-jvm:1.9.23) with InstrumentationAnalysisTransform
Transforming kotlin-scripting-common-1.9.23.jar (org.jetbrains.kotlin:kotlin-scripting-common:1.9.23) with InstrumentationAnalysisTransform
Transforming kotlin-gradle-plugin-model-1.9.23.jar (org.jetbrains.kotlin:kotlin-gradle-plugin-model:1.9.23) with InstrumentationAnalysisTransform
Transforming kotlin-gradle-plugin-model-1.9.23.jar (org.jetbrains.kotlin:kotlin-gradle-plugin-model:1.9.23) with MergeInstrumentationAnalysisTransform
Transforming kotlin-gradle-plugin-api-1.9.23.jar (org.jetbrains.kotlin:kotlin-gradle-plugin-api:1.9.23) with InstrumentationAnalysisTransform
Transforming kotlin-gradle-plugin-api-1.9.23.jar (org.jetbrains.kotlin:kotlin-gradle-plugin-api:1.9.23) with MergeInstrumentationAnalysisTransform
Transforming kotlin-gradle-plugin-1.9.23-gradle82.jar (org.jetbrains.kotlin:kotlin-gradle-plugin:1.9.23) with InstrumentationAnalysisTransform
Transforming kotlin-gradle-plugin-1.9.23-gradle82.jar (org.jetbrains.kotlin:kotlin-gradle-plugin:1.9.23) with MergeInstrumentationAnalysisTransform
Transforming kotlin-gradle-plugin-model-1.9.23.jar (org.jetbrains.kotlin:kotlin-gradle-plugin-model:1.9.23) with ExternalDependencyInstrumentingArtifactTransform
Transforming kotlin-gradle-plugin-idea-proto-1.9.23.jar (org.jetbrains.kotlin:kotlin-gradle-plugin-idea-proto:1.9.23) with InstrumentationAnalysisTransform
Transforming kotlin-gradle-plugin-idea-proto-1.9.23.jar (org.jetbrains.kotlin:kotlin-gradle-plugin-idea-proto:1.9.23) with MergeInstrumentationAnalysisTransform
Transforming kotlin-gradle-plugin-api-1.9.23.jar (org.jetbrains.kotlin:kotlin-gradle-plugin-api:1.9.23) with ExternalDependencyInstrumentingArtifactTransform
Transforming kotlin-gradle-plugin-1.9.23-gradle82.jar (org.jetbrains.kotlin:kotlin-gradle-plugin:1.9.23) with ExternalDependencyInstrumentingArtifactTransform
Transforming kotlin-gradle-plugin-idea-1.9.23.jar (org.jetbrains.kotlin:kotlin-gradle-plugin-idea:1.9.23) with InstrumentationAnalysisTransform
Transforming kotlin-gradle-plugin-idea-1.9.23.jar (org.jetbrains.kotlin:kotlin-gradle-plugin-idea:1.9.23) with MergeInstrumentationAnalysisTransform
Transforming kotlin-gradle-plugin-idea-proto-1.9.23.jar (org.jetbrains.kotlin:kotlin-gradle-plugin-idea-proto:1.9.23) with ExternalDependencyInstrumentingArtifactTransform
Transforming kotlin-klib-commonizer-api-1.9.23.jar (org.jetbrains.kotlin:kotlin-klib-commonizer-api:1.9.23) with InstrumentationAnalysisTransform
Transforming kotlin-klib-commonizer-api-1.9.23.jar (org.jetbrains.kotlin:kotlin-klib-commonizer-api:1.9.23) with MergeInstrumentationAnalysisTransform
Transforming kotlin-gradle-plugin-idea-1.9.23.jar (org.jetbrains.kotlin:kotlin-gradle-plugin-idea:1.9.23) with ExternalDependencyInstrumentingArtifactTransform
Transforming kotlin-native-utils-1.9.23.jar (org.jetbrains.kotlin:kotlin-native-utils:1.9.23) with InstrumentationAnalysisTransform
Transforming kotlin-native-utils-1.9.23.jar (org.jetbrains.kotlin:kotlin-native-utils:1.9.23) with MergeInstrumentationAnalysisTransform
Transforming kotlin-klib-commonizer-api-1.9.23.jar (org.jetbrains.kotlin:kotlin-klib-commonizer-api:1.9.23) with ExternalDependencyInstrumentingArtifactTransform
Transforming kotlin-util-klib-1.9.23.jar (org.jetbrains.kotlin:kotlin-util-klib:1.9.23) with InstrumentationAnalysisTransform
Transforming kotlin-util-klib-1.9.23.jar (org.jetbrains.kotlin:kotlin-util-klib:1.9.23) with MergeInstrumentationAnalysisTransform
Transforming kotlin-native-utils-1.9.23.jar (org.jetbrains.kotlin:kotlin-native-utils:1.9.23) with ExternalDependencyInstrumentingArtifactTransform
Transforming kotlin-build-tools-api-1.9.23.jar (org.jetbrains.kotlin:kotlin-build-tools-api:1.9.23) with InstrumentationAnalysisTransform
Transforming kotlin-build-tools-api-1.9.23.jar (org.jetbrains.kotlin:kotlin-build-tools-api:1.9.23) with MergeInstrumentationAnalysisTransform
Transforming kotlin-util-klib-1.9.23.jar (org.jetbrains.kotlin:kotlin-util-klib:1.9.23) with ExternalDependencyInstrumentingArtifactTransform
Transforming kotlin-android-extensions-1.9.23.jar (org.jetbrains.kotlin:kotlin-android-extensions:1.9.23) with InstrumentationAnalysisTransform
Transforming kotlin-android-extensions-1.9.23.jar (org.jetbrains.kotlin:kotlin-android-extensions:1.9.23) with MergeInstrumentationAnalysisTransform
Transforming kotlin-build-tools-api-1.9.23.jar (org.jetbrains.kotlin:kotlin-build-tools-api:1.9.23) with ExternalDependencyInstrumentingArtifactTransform
Transforming kotlin-compiler-runner-1.9.23.jar (org.jetbrains.kotlin:kotlin-compiler-runner:1.9.23) with InstrumentationAnalysisTransform
Transforming kotlin-compiler-runner-1.9.23.jar (org.jetbrains.kotlin:kotlin-compiler-runner:1.9.23) with MergeInstrumentationAnalysisTransform
Transforming kotlin-android-extensions-1.9.23.jar (org.jetbrains.kotlin:kotlin-android-extensions:1.9.23) with ExternalDependencyInstrumentingArtifactTransform
Transforming kotlin-compiler-embeddable-1.9.23.jar (org.jetbrains.kotlin:kotlin-compiler-embeddable:1.9.23) with InstrumentationAnalysisTransform
Transforming kotlin-compiler-embeddable-1.9.23.jar (org.jetbrains.kotlin:kotlin-compiler-embeddable:1.9.23) with MergeInstrumentationAnalysisTransform
Transforming kotlin-scripting-compiler-embeddable-1.9.23.jar (org.jetbrains.kotlin:kotlin-scripting-compiler-embeddable:1.9.23) with InstrumentationAnalysisTransform
Transforming kotlin-scripting-compiler-embeddable-1.9.23.jar (org.jetbrains.kotlin:kotlin-scripting-compiler-embeddable:1.9.23) with MergeInstrumentationAnalysisTransform
Transforming kotlin-compiler-runner-1.9.23.jar (org.jetbrains.kotlin:kotlin-compiler-runner:1.9.23) with ExternalDependencyInstrumentingArtifactTransform
Transforming kotlin-scripting-compiler-impl-embeddable-1.9.23.jar (org.jetbrains.kotlin:kotlin-scripting-compiler-impl-embeddable:1.9.23) with InstrumentationAnalysisTransform
Transforming kotlin-scripting-compiler-embeddable-1.9.23.jar (org.jetbrains.kotlin:kotlin-scripting-compiler-embeddable:1.9.23) with ExternalDependencyInstrumentingArtifactTransform
Transforming kotlin-compiler-embeddable-1.9.23.jar (org.jetbrains.kotlin:kotlin-compiler-embeddable:1.9.23) with ExternalDependencyInstrumentingArtifactTransform
Transforming kotlin-scripting-compiler-impl-embeddable-1.9.23.jar (org.jetbrains.kotlin:kotlin-scripting-compiler-impl-embeddable:1.9.23) with MergeInstrumentationAnalysisTransform
Transforming kotlin-gradle-plugin-annotations-1.9.23.jar (org.jetbrains.kotlin:kotlin-gradle-plugin-annotations:1.9.23) with InstrumentationAnalysisTransform
Transforming kotlin-gradle-plugin-annotations-1.9.23.jar (org.jetbrains.kotlin:kotlin-gradle-plugin-annotations:1.9.23) with MergeInstrumentationAnalysisTransform
Transforming kotlin-project-model-1.9.23.jar (org.jetbrains.kotlin:kotlin-project-model:1.9.23) with InstrumentationAnalysisTransform
Transforming kotlin-project-model-1.9.23.jar (org.jetbrains.kotlin:kotlin-project-model:1.9.23) with MergeInstrumentationAnalysisTransform
Transforming kotlin-scripting-compiler-impl-embeddable-1.9.23.jar (org.jetbrains.kotlin:kotlin-scripting-compiler-impl-embeddable:1.9.23) with ExternalDependencyInstrumentingArtifactTransform
Transforming kotlin-gradle-plugin-annotations-1.9.23.jar (org.jetbrains.kotlin:kotlin-gradle-plugin-annotations:1.9.23) with ExternalDependencyInstrumentingArtifactTransform
Transforming kotlin-project-model-1.9.23.jar (org.jetbrains.kotlin:kotlin-project-model:1.9.23) with ExternalDependencyInstrumentingArtifactTransform
Transforming kotlin-tooling-core-1.9.23.jar (org.jetbrains.kotlin:kotlin-tooling-core:1.9.23) with InstrumentationAnalysisTransform
Transforming kotlin-tooling-core-1.9.23.jar (org.jetbrains.kotlin:kotlin-tooling-core:1.9.23) with MergeInstrumentationAnalysisTransform
Transforming kotlin-util-io-1.9.23.jar (org.jetbrains.kotlin:kotlin-util-io:1.9.23) with InstrumentationAnalysisTransform
Transforming kotlin-util-io-1.9.23.jar (org.jetbrains.kotlin:kotlin-util-io:1.9.23) with MergeInstrumentationAnalysisTransform
Transforming kotlin-daemon-embeddable-1.9.23.jar (org.jetbrains.kotlin:kotlin-daemon-embeddable:1.9.23) with InstrumentationAnalysisTransform
Transforming kotlin-daemon-embeddable-1.9.23.jar (org.jetbrains.kotlin:kotlin-daemon-embeddable:1.9.23) with MergeInstrumentationAnalysisTransform
Transforming trove4j-1.0.20200330.jar (org.jetbrains.intellij.deps:trove4j:1.0.20200330) with InstrumentationAnalysisTransform
Transforming kotlin-tooling-core-1.9.23.jar (org.jetbrains.kotlin:kotlin-tooling-core:1.9.23) with ExternalDependencyInstrumentingArtifactTransform
Transforming kotlin-util-io-1.9.23.jar (org.jetbrains.kotlin:kotlin-util-io:1.9.23) with ExternalDependencyInstrumentingArtifactTransform
Transforming trove4j-1.0.20200330.jar (org.jetbrains.intellij.deps:trove4j:1.0.20200330) with MergeInstrumentationAnalysisTransform
Transforming kotlin-daemon-embeddable-1.9.23.jar (org.jetbrains.kotlin:kotlin-daemon-embeddable:1.9.23) with ExternalDependencyInstrumentingArtifactTransform
Transforming kotlin-daemon-client-1.9.23.jar (org.jetbrains.kotlin:kotlin-daemon-client:1.9.23) with InstrumentationAnalysisTransform
Transforming trove4j-1.0.20200330.jar (org.jetbrains.intellij.deps:trove4j:1.0.20200330) with ExternalDependencyInstrumentingArtifactTransform
Transforming kotlin-daemon-client-1.9.23.jar (org.jetbrains.kotlin:kotlin-daemon-client:1.9.23) with MergeInstrumentationAnalysisTransform
Transforming kotlinx-coroutines-core-jvm-1.5.0.jar (org.jetbrains.kotlinx:kotlinx-coroutines-core-jvm:1.5.0) with InstrumentationAnalysisTransform
Transforming kotlinx-coroutines-core-jvm-1.5.0.jar (org.jetbrains.kotlinx:kotlinx-coroutines-core-jvm:1.5.0) with MergeInstrumentationAnalysisTransform
Transforming kotlin-scripting-jvm-1.9.23.jar (org.jetbrains.kotlin:kotlin-scripting-jvm:1.9.23) with InstrumentationAnalysisTransform
Transforming kotlin-scripting-jvm-1.9.23.jar (org.jetbrains.kotlin:kotlin-scripting-jvm:1.9.23) with MergeInstrumentationAnalysisTransform
Transforming kotlin-scripting-common-1.9.23.jar (org.jetbrains.kotlin:kotlin-scripting-common:1.9.23) with InstrumentationAnalysisTransform
Transforming kotlin-daemon-client-1.9.23.jar (org.jetbrains.kotlin:kotlin-daemon-client:1.9.23) with ExternalDependencyInstrumentingArtifactTransform
Transforming kotlin-scripting-common-1.9.23.jar (org.jetbrains.kotlin:kotlin-scripting-common:1.9.23) with MergeInstrumentationAnalysisTransform
Transforming kotlinx-coroutines-core-jvm-1.5.0.jar (org.jetbrains.kotlinx:kotlinx-coroutines-core-jvm:1.5.0) with ExternalDependencyInstrumentingArtifactTransform
Transforming kotlin-scripting-jvm-1.9.23.jar (org.jetbrains.kotlin:kotlin-scripting-jvm:1.9.23) with ExternalDependencyInstrumentingArtifactTransform
Transforming kotlin-scripting-common-1.9.23.jar (org.jetbrains.kotlin:kotlin-scripting-common:1.9.23) with ExternalDependencyInstrumentingArtifactTransform
Using Kotlin Gradle Plugin gradle82 variant
kotlin scripting plugin: created the scripting discovery configuration: kotlinScriptDef
kotlin scripting plugin: created the scripting discovery configuration: testKotlinScriptDef
Registering project ':expo-dev-launcher-gradle-plugin' in composite build. Will substitute for module 'expo.modules:expo-dev-launcher-gradle-plugin'.
Registering project ':gradle-plugin' in composite build. Will substitute for module 'com.facebook.react:react-native-gradle-plugin'.
Resolve mutations for :expo-dev-launcher-gradle-plugin:checkKotlinGradlePluginConfigurationErrors (Thread[#1597,Execution worker Thread 2,5,main]) started.
:expo-dev-launcher-gradle-plugin:checkKotlinGradlePluginConfigurationErrors (Thread[#1597,Execution worker Thread 2,5,main]) started.

> Task :gradle-plugin:checkKotlinGradlePluginConfigurationErrors
Caching disabled for task ':gradle-plugin:checkKotlinGradlePluginConfigurationErrors' because:
  Build cache is disabled
Task ':gradle-plugin:checkKotlinGradlePluginConfigurationErrors' is not up-to-date because:
  Task has not declared any outputs despite executing actions.

> Task :expo-dev-launcher-gradle-plugin:checkKotlinGradlePluginConfigurationErrors
Caching disabled for task ':expo-dev-launcher-gradle-plugin:checkKotlinGradlePluginConfigurationErrors' because:
  Build cache is disabled
Task ':expo-dev-launcher-gradle-plugin:checkKotlinGradlePluginConfigurationErrors' is not up-to-date because:
  Task has not declared any outputs despite executing actions.
Resolve mutations for :expo-dev-launcher-gradle-plugin:compileKotlin (Thread[#1597,Execution worker Thread 2,5,main]) started.
:expo-dev-launcher-gradle-plugin:compileKotlin (Thread[#1597,Execution worker Thread 2,5,main]) started.

> Task :gradle-plugin:compileKotlin UP-TO-DATE
Transforming gradle-api-8.8.jar with ClasspathEntrySnapshotTransform
Transforming groovy-3.0.21.jar with ClasspathEntrySnapshotTransform
Transforming groovy-ant-3.0.21.jar with ClasspathEntrySnapshotTransform
Transforming groovy-astbuilder-3.0.21.jar with ClasspathEntrySnapshotTransform
Transforming groovy-console-3.0.21.jar with ClasspathEntrySnapshotTransform
Transforming groovy-datetime-3.0.21.jar with ClasspathEntrySnapshotTransform
Transforming groovy-dateutil-3.0.21.jar with ClasspathEntrySnapshotTransform
Transforming groovy-groovydoc-3.0.21.jar with ClasspathEntrySnapshotTransform
Transforming groovy-json-3.0.21.jar with ClasspathEntrySnapshotTransform
Transforming groovy-nio-3.0.21.jar with ClasspathEntrySnapshotTransform
Transforming groovy-sql-3.0.21.jar with ClasspathEntrySnapshotTransform
Transforming groovy-templates-3.0.21.jar with ClasspathEntrySnapshotTransform
Transforming groovy-test-3.0.21.jar with ClasspathEntrySnapshotTransform
Transforming groovy-xml-3.0.21.jar with ClasspathEntrySnapshotTransform
Transforming javaparser-core-3.17.0.jar with ClasspathEntrySnapshotTransform
Transforming kotlin-reflect-1.9.22.jar with ClasspathEntrySnapshotTransform
Transforming kotlin-stdlib-1.9.22.jar with ClasspathEntrySnapshotTransform
Transforming gradle-installation-beacon-8.8.jar with ClasspathEntrySnapshotTransform
Transforming kotlin-stdlib-1.9.22.jar with ClasspathEntrySnapshotTransform
Transforming kotlin-gradle-plugin-model-1.9.22.jar with ClasspathEntrySnapshotTransform
Transforming kotlin-gradle-plugin-api-1.9.22.jar with ClasspathEntrySnapshotTransform
Transforming kotlin-gradle-plugin-1.9.22-gradle82.jar with ClasspathEntrySnapshotTransform
Transforming gradle-8.2.1.jar with ClasspathEntrySnapshotTransform
Transforming gson-2.8.9.jar with ClasspathEntrySnapshotTransform
Transforming guava-31.0.1-jre.jar with ClasspathEntrySnapshotTransform
Transforming javapoet-1.13.0.jar with ClasspathEntrySnapshotTransform
Transforming annotations-13.0.jar with ClasspathEntrySnapshotTransform
Transforming builder-8.2.1.jar with ClasspathEntrySnapshotTransform
Transforming builder-model-8.2.1.jar with ClasspathEntrySnapshotTransform
Transforming gradle-api-8.2.1.jar with ClasspathEntrySnapshotTransform
Transforming failureaccess-1.0.1.jar with ClasspathEntrySnapshotTransform
Transforming listenablefuture-9999.0-empty-to-avoid-conflict-with-guava.jar with ClasspathEntrySnapshotTransform
Transforming jsr305-3.0.2.jar with ClasspathEntrySnapshotTransform
Transforming checker-qual-3.12.0.jar with ClasspathEntrySnapshotTransform
Transforming error_prone_annotations-2.7.1.jar with ClasspathEntrySnapshotTransform
Transforming j2objc-annotations-1.3.jar with ClasspathEntrySnapshotTransform
Transforming kotlin-gradle-plugin-annotations-1.9.22.jar with ClasspathEntrySnapshotTransform
Transforming kotlin-native-utils-1.9.22.jar with ClasspathEntrySnapshotTransform
Transforming kotlin-tooling-core-1.9.22.jar with ClasspathEntrySnapshotTransform
Transforming kotlin-project-model-1.9.22.jar with ClasspathEntrySnapshotTransform
Transforming manifest-merger-31.2.1.jar with ClasspathEntrySnapshotTransform
Transforming zipflinger-8.2.1.jar with ClasspathEntrySnapshotTransform
Transforming apksig-8.2.1.jar with ClasspathEntrySnapshotTransform
Transforming apkzlib-8.2.1.jar with ClasspathEntrySnapshotTransform
Transforming javawriter-2.5.0.jar with ClasspathEntrySnapshotTransform
Transforming asm-9.2.jar with ClasspathEntrySnapshotTransform
Transforming kotlin-util-klib-1.9.22.jar with ClasspathEntrySnapshotTransform
Transforming kotlin-util-io-1.9.22.jar with ClasspathEntrySnapshotTransform
Caching disabled for task ':gradle-plugin:compileKotlin' because:
  Build cache is disabled
Skipping task ':gradle-plugin:compileKotlin' as it is up-to-date.

> Task :expo-dev-launcher-gradle-plugin:compileKotlin UP-TO-DATE
Transforming gradle-api-8.8.jar with ClasspathEntrySnapshotTransform
Transforming groovy-3.0.21.jar with ClasspathEntrySnapshotTransform
Transforming groovy-ant-3.0.21.jar with ClasspathEntrySnapshotTransform
Transforming groovy-astbuilder-3.0.21.jar with ClasspathEntrySnapshotTransform
Transforming groovy-console-3.0.21.jar with ClasspathEntrySnapshotTransform
Transforming groovy-datetime-3.0.21.jar with ClasspathEntrySnapshotTransform
Transforming groovy-dateutil-3.0.21.jar with ClasspathEntrySnapshotTransform
Transforming groovy-groovydoc-3.0.21.jar with ClasspathEntrySnapshotTransform
Transforming groovy-json-3.0.21.jar with ClasspathEntrySnapshotTransform
Transforming groovy-nio-3.0.21.jar with ClasspathEntrySnapshotTransform
Transforming groovy-sql-3.0.21.jar with ClasspathEntrySnapshotTransform
Transforming groovy-templates-3.0.21.jar with ClasspathEntrySnapshotTransform
Transforming groovy-test-3.0.21.jar with ClasspathEntrySnapshotTransform
Transforming groovy-xml-3.0.21.jar with ClasspathEntrySnapshotTransform
Transforming javaparser-core-3.17.0.jar with ClasspathEntrySnapshotTransform
Transforming kotlin-reflect-1.9.22.jar with ClasspathEntrySnapshotTransform
Transforming kotlin-stdlib-1.9.22.jar with ClasspathEntrySnapshotTransform
Transforming gradle-installation-beacon-8.8.jar with ClasspathEntrySnapshotTransform
Transforming kotlin-stdlib-1.9.23.jar with ClasspathEntrySnapshotTransform
Transforming gradle-8.2.1.jar with ClasspathEntrySnapshotTransform
Transforming annotations-13.0.jar with ClasspathEntrySnapshotTransform
Transforming builder-8.2.1.jar with ClasspathEntrySnapshotTransform
Transforming builder-model-8.2.1.jar with ClasspathEntrySnapshotTransform
Transforming gradle-api-8.2.1.jar with ClasspathEntrySnapshotTransform
Transforming manifest-merger-31.2.1.jar with ClasspathEntrySnapshotTransform
Transforming zipflinger-8.2.1.jar with ClasspathEntrySnapshotTransform
Transforming apksig-8.2.1.jar with ClasspathEntrySnapshotTransform
Transforming apkzlib-8.2.1.jar with ClasspathEntrySnapshotTransform
Transforming javawriter-2.5.0.jar with ClasspathEntrySnapshotTransform
Transforming asm-9.2.jar with ClasspathEntrySnapshotTransform
Caching disabled for task ':expo-dev-launcher-gradle-plugin:compileKotlin' because:
  Build cache is disabled
Skipping task ':expo-dev-launcher-gradle-plugin:compileKotlin' as it is up-to-date.
Resolve mutations for :expo-dev-launcher-gradle-plugin:compileJava (Thread[#1597,Execution worker Thread 2,5,main]) started.
:expo-dev-launcher-gradle-plugin:compileJava (Thread[#1597,Execution worker Thread 2,5,main]) started.

> Task :expo-dev-launcher-gradle-plugin:compileJava NO-SOURCE
Skipping task ':expo-dev-launcher-gradle-plugin:compileJava' as it has no source files and no previous output files.
Resolve mutations for :expo-dev-launcher-gradle-plugin:pluginDescriptors (Thread[#1597,Execution worker Thread 2,5,main]) started.

> Task :gradle-plugin:compileJava NO-SOURCE
Skipping task ':gradle-plugin:compileJava' as it has no source files and no previous output files.
:expo-dev-launcher-gradle-plugin:pluginDescriptors (Thread[#1597,Execution worker Thread 2,5,main]) started.

> Task :expo-dev-launcher-gradle-plugin:pluginDescriptors UP-TO-DATE
Caching disabled for task ':expo-dev-launcher-gradle-plugin:pluginDescriptors' because:
  Build cache is disabled
  Not worth caching
Skipping task ':expo-dev-launcher-gradle-plugin:pluginDescriptors' as it is up-to-date.
Resolve mutations for :expo-dev-launcher-gradle-plugin:processResources (Thread[#1597,Execution worker Thread 2,5,main]) started.

> Task :gradle-plugin:pluginDescriptors UP-TO-DATE
Caching disabled for task ':gradle-plugin:pluginDescriptors' because:
  Build cache is disabled
  Not worth caching
Skipping task ':gradle-plugin:pluginDescriptors' as it is up-to-date.
:expo-dev-launcher-gradle-plugin:processResources (Thread[#1597,Execution worker Thread 2,5,main]) started.

> Task :expo-dev-launcher-gradle-plugin:processResources UP-TO-DATE
Caching disabled for task ':expo-dev-launcher-gradle-plugin:processResources' because:
  Build cache is disabled
  Not worth caching
Skipping task ':expo-dev-launcher-gradle-plugin:processResources' as it is up-to-date.

> Task :gradle-plugin:processResources UP-TO-DATE
Caching disabled for task ':gradle-plugin:processResources' because:
  Build cache is disabled
  Not worth caching
Skipping task ':gradle-plugin:processResources' as it is up-to-date.
Resolve mutations for :expo-dev-launcher-gradle-plugin:classes (Thread[#1598,Execution worker Thread 3,5,main]) started.
:expo-dev-launcher-gradle-plugin:classes (Thread[#1598,Execution worker Thread 3,5,main]) started.

> Task :gradle-plugin:classes UP-TO-DATE
Skipping task ':gradle-plugin:classes' as it has no actions.

> Task :expo-dev-launcher-gradle-plugin:classes UP-TO-DATE
Skipping task ':expo-dev-launcher-gradle-plugin:classes' as it has no actions.
Resolve mutations for :expo-dev-launcher-gradle-plugin:jar (Thread[#1598,Execution worker Thread 3,5,main]) started.
:expo-dev-launcher-gradle-plugin:jar (Thread[#1598,Execution worker Thread 3,5,main]) started.

> Task :gradle-plugin:jar UP-TO-DATE
Caching disabled for task ':gradle-plugin:jar' because:
  Build cache is disabled
  Not worth caching
Skipping task ':gradle-plugin:jar' as it is up-to-date.

> Task :expo-dev-launcher-gradle-plugin:jar UP-TO-DATE
Caching disabled for task ':expo-dev-launcher-gradle-plugin:jar' because:
  Build cache is disabled
  Not worth caching
Skipping task ':expo-dev-launcher-gradle-plugin:jar' as it is up-to-date.

> Transform main (project :expo-dev-launcher-gradle-plugin) with InstrumentationAnalysisTransform
Transforming main (project :expo-dev-launcher-gradle-plugin) with InstrumentationAnalysisTransform

> Transform main (project :expo-dev-launcher-gradle-plugin) with InstrumentationAnalysisTransform
Transforming main (project :expo-dev-launcher-gradle-plugin) with InstrumentationAnalysisTransform

> Transform main (project :gradle-plugin) with InstrumentationAnalysisTransform
Transforming main (project :gradle-plugin) with InstrumentationAnalysisTransform

> Transform main (project :gradle-plugin) with InstrumentationAnalysisTransform
Transforming main (project :gradle-plugin) with InstrumentationAnalysisTransform

> Transform expo-dev-launcher-gradle-plugin.jar (project :expo-dev-launcher-gradle-plugin) with ProjectDependencyInstrumentingArtifactTransform
Transforming expo-dev-launcher-gradle-plugin.jar (project :expo-dev-launcher-gradle-plugin) with ProjectDependencyInstrumentingArtifactTransform

> Transform react-native-gradle-plugin.jar (project :gradle-plugin) with ProjectDependencyInstrumentingArtifactTransform
Transforming react-native-gradle-plugin.jar (project :gradle-plugin) with ProjectDependencyInstrumentingArtifactTransform

> Configure project :
Evaluating root project 'foodapp' using build file 'D:\NutriScan\android\build.gradle'.
Found project 'project :expo-dev-launcher-gradle-plugin' as substitute for module 'expo.modules:expo-dev-launcher-gradle-plugin'.
Found project 'project :gradle-plugin' as substitute for module 'com.facebook.react:react-native-gradle-plugin'.
Resolve mutations for :gradle-plugin:checkKotlinGradlePluginConfigurationErrors (Thread[#1657,included builds Thread 2,5,main]) started.
:gradle-plugin:checkKotlinGradlePluginConfigurationErrors (Thread[#1657,included builds Thread 2,5,main]) started.
Resolve mutations for :gradle-plugin:compileKotlin (Thread[#1657,included builds Thread 2,5,main]) started.
:gradle-plugin:compileKotlin (Thread[#1657,included builds Thread 2,5,main]) started.
Resolve mutations for :gradle-plugin:compileJava (Thread[#1657,included builds Thread 2,5,main]) started.
:gradle-plugin:compileJava (Thread[#1657,included builds Thread 2,5,main]) started.
Resolve mutations for :gradle-plugin:pluginDescriptors (Thread[#1657,included builds Thread 2,5,main]) started.
:gradle-plugin:pluginDescriptors (Thread[#1657,included builds Thread 2,5,main]) started.
Resolve mutations for :gradle-plugin:processResources (Thread[#1657,included builds Thread 2,5,main]) started.
:gradle-plugin:processResources (Thread[#1657,included builds Thread 2,5,main]) started.
Resolve mutations for :gradle-plugin:classes (Thread[#1657,included builds Thread 2,5,main]) started.
:gradle-plugin:classes (Thread[#1657,included builds Thread 2,5,main]) started.
Resolve mutations for :gradle-plugin:jar (Thread[#1657,included builds Thread 2,5,main]) started.
:gradle-plugin:jar (Thread[#1657,included builds Thread 2,5,main]) started.
Transforming gradle-8.2.1.jar (com.android.tools.build:gradle:8.2.1) with InstrumentationAnalysisTransform
Transforming kotlin-gradle-plugin-model-1.9.22.jar (org.jetbrains.kotlin:kotlin-gradle-plugin-model:1.9.22) with InstrumentationAnalysisTransform
Transforming kotlin-gradle-plugin-api-1.9.22.jar (org.jetbrains.kotlin:kotlin-gradle-plugin-api:1.9.22) with InstrumentationAnalysisTransform
Transforming kotlin-gradle-plugin-1.9.22-gradle82.jar (org.jetbrains.kotlin:kotlin-gradle-plugin:1.9.22) with InstrumentationAnalysisTransform
Transforming databinding-compiler-common-8.2.1.jar (androidx.databinding:databinding-compiler-common:8.2.1) with InstrumentationAnalysisTransform
Transforming jetifier-processor-1.0.0-beta10.jar (com.android.tools.build.jetifier:jetifier-processor:1.0.0-beta10) with InstrumentationAnalysisTransform
Transforming jetifier-core-1.0.0-beta10.jar (com.android.tools.build.jetifier:jetifier-core:1.0.0-beta10) with InstrumentationAnalysisTransform
Transforming gradle-settings-api-8.2.1.jar (com.android.tools.build:gradle-settings-api:8.2.1) with InstrumentationAnalysisTransform
Transforming lint-model-31.2.1.jar (com.android.tools.lint:lint-model:31.2.1) with InstrumentationAnalysisTransform
Transforming builder-8.2.1.jar (com.android.tools.build:builder:8.2.1) with InstrumentationAnalysisTransform
Transforming manifest-merger-31.2.1.jar (com.android.tools.build:manifest-merger:31.2.1) with InstrumentationAnalysisTransform
Transforming sdk-common-31.2.1.jar (com.android.tools:sdk-common:31.2.1) with InstrumentationAnalysisTransform
Transforming sdklib-31.2.1.jar (com.android.tools:sdklib:31.2.1) with InstrumentationAnalysisTransform
Transforming repository-31.2.1.jar (com.android.tools:repository:31.2.1) with InstrumentationAnalysisTransform
Transforming aaptcompiler-8.2.1.jar (com.android.tools.build:aaptcompiler:8.2.1) with InstrumentationAnalysisTransform
Transforming tracker-31.2.1.jar (com.android.tools.analytics-library:tracker:31.2.1) with InstrumentationAnalysisTransform
Transforming shared-31.2.1.jar (com.android.tools.analytics-library:shared:31.2.1) with InstrumentationAnalysisTransform
Transforming android-test-plugin-host-emulator-control-proto-31.2.1.jar (com.android.tools.utp:android-test-plugin-host-emulator-control-proto:31.2.1) with InstrumentationAnalysisTransform
Transforming android-test-plugin-host-retention-proto-31.2.1.jar (com.android.tools.utp:android-test-plugin-host-retention-proto:31.2.1) with InstrumentationAnalysisTransform
Transforming builder-model-8.2.1.jar (com.android.tools.build:builder-model:8.2.1) with InstrumentationAnalysisTransform
Transforming gradle-api-8.2.1.jar (com.android.tools.build:gradle-api:8.2.1) with InstrumentationAnalysisTransform
Transforming builder-test-api-8.2.1.jar (com.android.tools.build:builder-test-api:8.2.1) with InstrumentationAnalysisTransform
Transforming ddmlib-31.2.1.jar (com.android.tools.ddms:ddmlib:31.2.1) with InstrumentationAnalysisTransform
Transforming layoutlib-api-31.2.1.jar (com.android.tools.layoutlib:layoutlib-api:31.2.1) with InstrumentationAnalysisTransform
Transforming dvlib-31.2.1.jar (com.android.tools:dvlib:31.2.1) with InstrumentationAnalysisTransform
Transforming common-31.2.1.jar (com.android.tools:common:31.2.1) with InstrumentationAnalysisTransform
Transforming kotlin-stdlib-jdk8-1.9.0.jar (org.jetbrains.kotlin:kotlin-stdlib-jdk8:1.9.0) with InstrumentationAnalysisTransform
Transforming kotlin-reflect-1.9.0.jar (org.jetbrains.kotlin:kotlin-reflect:1.9.0) with InstrumentationAnalysisTransform
Transforming kotlin-stdlib-jdk7-1.9.0.jar (org.jetbrains.kotlin:kotlin-stdlib-jdk7:1.9.0) with InstrumentationAnalysisTransform
Transforming kotlin-stdlib-1.9.23.jar (org.jetbrains.kotlin:kotlin-stdlib:1.9.23) with InstrumentationAnalysisTransform
Transforming android-test-plugin-result-listener-gradle-proto-31.2.1.jar (com.android.tools.utp:android-test-plugin-result-listener-gradle-proto:31.2.1) with InstrumentationAnalysisTransform
Transforming bundletool-1.15.2.jar (com.android.tools.build:bundletool:1.15.2) with InstrumentationAnalysisTransform
Transforming protobuf-java-util-3.19.3.jar (com.google.protobuf:protobuf-java-util:3.19.3) with InstrumentationAnalysisTransform
Transforming grpc-netty-1.45.1.jar (io.grpc:grpc-netty:1.45.1) with InstrumentationAnalysisTransform
Transforming grpc-core-1.45.1.jar (io.grpc:grpc-core:1.45.1) with InstrumentationAnalysisTransform
Transforming tink-1.7.0.jar (com.google.crypto.tink:tink:1.7.0) with InstrumentationAnalysisTransform
Transforming gson-2.10.jar (com.google.code.gson:gson:2.10) with InstrumentationAnalysisTransform
Transforming crash-31.2.1.jar (com.android.tools.analytics-library:crash:31.2.1) with InstrumentationAnalysisTransform
Transforming lint-typedef-remover-31.2.1.jar (com.android.tools.lint:lint-typedef-remover:31.2.1) with InstrumentationAnalysisTransform
Transforming grpc-protobuf-1.45.1.jar (io.grpc:grpc-protobuf:1.45.1) with InstrumentationAnalysisTransform
Transforming grpc-stub-1.45.1.jar (io.grpc:grpc-stub:1.45.1) with InstrumentationAnalysisTransform
Transforming jimfs-1.1.jar (com.google.jimfs:jimfs:1.1) with InstrumentationAnalysisTransform
Transforming grpc-protobuf-lite-1.45.1.jar (io.grpc:grpc-protobuf-lite:1.45.1) with InstrumentationAnalysisTransform
Transforming grpc-api-1.45.1.jar (io.grpc:grpc-api:1.45.1) with InstrumentationAnalysisTransform
Transforming apkzlib-8.2.1.jar (com.android.tools.build:apkzlib:8.2.1) with InstrumentationAnalysisTransform
Transforming guava-31.1-jre.jar (com.google.guava:guava:31.1-jre) with InstrumentationAnalysisTransform
Transforming javapoet-1.13.0.jar (com.squareup:javapoet:1.13.0) with InstrumentationAnalysisTransform
Transforming annotations-13.0.jar (org.jetbrains:annotations:13.0) with InstrumentationAnalysisTransform
Transforming kotlin-gradle-plugin-idea-proto-1.9.22.jar (org.jetbrains.kotlin:kotlin-gradle-plugin-idea-proto:1.9.22) with InstrumentationAnalysisTransform
Transforming kotlin-gradle-plugin-idea-1.9.22.jar (org.jetbrains.kotlin:kotlin-gradle-plugin-idea:1.9.22) with InstrumentationAnalysisTransform
Transforming kotlin-klib-commonizer-api-1.9.22.jar (org.jetbrains.kotlin:kotlin-klib-commonizer-api:1.9.22) with InstrumentationAnalysisTransform
Transforming kotlin-native-utils-1.9.22.jar (org.jetbrains.kotlin:kotlin-native-utils:1.9.22) with InstrumentationAnalysisTransform
Transforming kotlin-util-klib-1.9.22.jar (org.jetbrains.kotlin:kotlin-util-klib:1.9.22) with InstrumentationAnalysisTransform
Transforming kotlin-build-tools-api-1.9.22.jar (org.jetbrains.kotlin:kotlin-build-tools-api:1.9.22) with InstrumentationAnalysisTransform
Transforming kotlin-android-extensions-1.9.22.jar (org.jetbrains.kotlin:kotlin-android-extensions:1.9.22) with InstrumentationAnalysisTransform
Transforming kotlin-compiler-runner-1.9.22.jar (org.jetbrains.kotlin:kotlin-compiler-runner:1.9.22) with InstrumentationAnalysisTransform
Transforming kotlin-compiler-embeddable-1.9.22.jar (org.jetbrains.kotlin:kotlin-compiler-embeddable:1.9.22) with InstrumentationAnalysisTransform
Transforming kotlin-scripting-compiler-embeddable-1.9.22.jar (org.jetbrains.kotlin:kotlin-scripting-compiler-embeddable:1.9.22) with InstrumentationAnalysisTransform
Transforming kotlin-scripting-compiler-impl-embeddable-1.9.22.jar (org.jetbrains.kotlin:kotlin-scripting-compiler-impl-embeddable:1.9.22) with InstrumentationAnalysisTransform
Transforming aapt2-proto-8.2.1-10154469.jar (com.android.tools.build:aapt2-proto:8.2.1-10154469) with InstrumentationAnalysisTransform
Transforming databinding-common-8.2.1.jar (androidx.databinding:databinding-common:8.2.1) with InstrumentationAnalysisTransform
Transforming baseLibrary-8.2.1.jar (com.android.databinding:baseLibrary:8.2.1) with InstrumentationAnalysisTransform
Transforming android-device-provider-ddmlib-proto-31.2.1.jar (com.android.tools.utp:android-device-provider-ddmlib-proto:31.2.1) with InstrumentationAnalysisTransform
Transforming android-device-provider-gradle-proto-31.2.1.jar (com.android.tools.utp:android-device-provider-gradle-proto:31.2.1) with InstrumentationAnalysisTransform
Transforming android-test-plugin-host-additional-test-output-proto-31.2.1.jar (com.android.tools.utp:android-test-plugin-host-additional-test-output-proto:31.2.1) with InstrumentationAnalysisTransform
Transforming android-test-plugin-host-coverage-proto-31.2.1.jar (com.android.tools.utp:android-test-plugin-host-coverage-proto:31.2.1) with InstrumentationAnalysisTransform
Transforming android-test-plugin-host-logcat-proto-31.2.1.jar (com.android.tools.utp:android-test-plugin-host-logcat-proto:31.2.1) with InstrumentationAnalysisTransform
Transforming android-test-plugin-host-apk-installer-proto-31.2.1.jar (com.android.tools.utp:android-test-plugin-host-apk-installer-proto:31.2.1) with InstrumentationAnalysisTransform
Transforming transform-api-2.0.0-deprecated-use-gradle-api.jar (com.android.tools.build:transform-api:2.0.0-deprecated-use-gradle-api) with InstrumentationAnalysisTransform
Transforming httpmime-4.5.6.jar (org.apache.httpcomponents:httpmime:4.5.6) with InstrumentationAnalysisTransform
Transforming commons-io-2.4.jar (commons-io:commons-io:2.4) with InstrumentationAnalysisTransform
Transforming asm-commons-9.2.jar (org.ow2.asm:asm-commons:9.2) with InstrumentationAnalysisTransform
Transforming asm-util-9.2.jar (org.ow2.asm:asm-util:9.2) with InstrumentationAnalysisTransform
Transforming asm-analysis-9.2.jar (org.ow2.asm:asm-analysis:9.2) with InstrumentationAnalysisTransform
Transforming asm-tree-9.2.jar (org.ow2.asm:asm-tree:9.2) with InstrumentationAnalysisTransform
Transforming asm-9.2.jar (org.ow2.asm:asm:9.2) with InstrumentationAnalysisTransform
Transforming bcpkix-jdk15on-1.67.jar (org.bouncycastle:bcpkix-jdk15on:1.67) with InstrumentationAnalysisTransform
Transforming jaxb-runtime-2.3.2.jar (org.glassfish.jaxb:jaxb-runtime:2.3.2) with InstrumentationAnalysisTransform
Transforming jopt-simple-4.9.jar (net.sf.jopt-simple:jopt-simple:4.9) with InstrumentationAnalysisTransform
Transforming protos-31.2.1.jar (com.android.tools.analytics-library:protos:31.2.1) with InstrumentationAnalysisTransform
Transforming proto-google-common-protos-2.0.1.jar (com.google.api.grpc:proto-google-common-protos:2.0.1) with InstrumentationAnalysisTransform
Transforming protobuf-java-3.19.3.jar (com.google.protobuf:protobuf-java:3.19.3) with InstrumentationAnalysisTransform
Transforming core-proto-0.0.8-alpha08.jar (com.google.testing.platform:core-proto:0.0.8-alpha08) with InstrumentationAnalysisTransform
Transforming tensorflow-lite-metadata-0.1.0-rc2.jar (org.tensorflow:tensorflow-lite-metadata:0.1.0-rc2) with InstrumentationAnalysisTransform
Transforming flatbuffers-java-1.12.0.jar (com.google.flatbuffers:flatbuffers-java:1.12.0) with InstrumentationAnalysisTransform
Transforming failureaccess-1.0.1.jar (com.google.guava:failureaccess:1.0.1) with InstrumentationAnalysisTransform
Transforming listenablefuture-9999.0-empty-to-avoid-conflict-with-guava.jar (com.google.guava:listenablefuture:9999.0-empty-to-avoid-conflict-with-guava) with InstrumentationAnalysisTransform
Transforming jsr305-3.0.2.jar (com.google.code.findbugs:jsr305:3.0.2) with InstrumentationAnalysisTransform
Transforming checker-qual-3.12.0.jar (org.checkerframework:checker-qual:3.12.0) with InstrumentationAnalysisTransform
Transforming error_prone_annotations-2.11.0.jar (com.google.errorprone:error_prone_annotations:2.11.0) with InstrumentationAnalysisTransform
Transforming j2objc-annotations-1.3.jar (com.google.j2objc:j2objc-annotations:1.3) with InstrumentationAnalysisTransform
Transforming kotlin-gradle-plugin-annotations-1.9.22.jar (org.jetbrains.kotlin:kotlin-gradle-plugin-annotations:1.9.22) with InstrumentationAnalysisTransform
Transforming kotlin-project-model-1.9.22.jar (org.jetbrains.kotlin:kotlin-project-model:1.9.22) with InstrumentationAnalysisTransform
Transforming kotlin-tooling-core-1.9.22.jar (org.jetbrains.kotlin:kotlin-tooling-core:1.9.22) with InstrumentationAnalysisTransform
Transforming kotlin-util-io-1.9.22.jar (org.jetbrains.kotlin:kotlin-util-io:1.9.22) with InstrumentationAnalysisTransform
Transforming kotlin-daemon-embeddable-1.9.22.jar (org.jetbrains.kotlin:kotlin-daemon-embeddable:1.9.22) with InstrumentationAnalysisTransform
Transforming trove4j-1.0.20200330.jar (org.jetbrains.intellij.deps:trove4j:1.0.20200330) with InstrumentationAnalysisTransform
Transforming kotlin-daemon-client-1.9.22.jar (org.jetbrains.kotlin:kotlin-daemon-client:1.9.22) with InstrumentationAnalysisTransform
Transforming kotlinx-coroutines-core-jvm-1.5.0.jar (org.jetbrains.kotlinx:kotlinx-coroutines-core-jvm:1.5.0) with InstrumentationAnalysisTransform
Transforming kotlin-scripting-jvm-1.9.22.jar (org.jetbrains.kotlin:kotlin-scripting-jvm:1.9.22) with InstrumentationAnalysisTransform
Transforming kotlin-scripting-common-1.9.22.jar (org.jetbrains.kotlin:kotlin-scripting-common:1.9.22) with InstrumentationAnalysisTransform
Transforming dagger-2.28.3.jar (com.google.dagger:dagger:2.28.3) with InstrumentationAnalysisTransform
Transforming javax.inject-1.jar (javax.inject:javax.inject:1) with InstrumentationAnalysisTransform
Transforming kxml2-2.3.0.jar (net.sf.kxml:kxml2:2.3.0) with InstrumentationAnalysisTransform
Transforming bcprov-jdk15on-1.67.jar (org.bouncycastle:bcprov-jdk15on:1.67) with InstrumentationAnalysisTransform
Transforming xercesImpl-2.12.0.jar (xerces:xercesImpl:2.12.0) with InstrumentationAnalysisTransform
Transforming commons-compress-1.21.jar (org.apache.commons:commons-compress:1.21) with InstrumentationAnalysisTransform
Transforming httpclient-4.5.14.jar (org.apache.httpcomponents:httpclient:4.5.14) with InstrumentationAnalysisTransform
Transforming httpcore-4.4.16.jar (org.apache.httpcomponents:httpcore:4.4.16) with InstrumentationAnalysisTransform
Transforming javax.activation-1.2.0.jar (com.sun.activation:javax.activation:1.2.0) with InstrumentationAnalysisTransform
Transforming signflinger-8.2.1.jar (com.android:signflinger:8.2.1) with InstrumentationAnalysisTransform
Transforming zipflinger-8.2.1.jar (com.android:zipflinger:8.2.1) with InstrumentationAnalysisTransform
Transforming annotations-31.2.1.jar (com.android.tools:annotations:31.2.1) with InstrumentationAnalysisTransform
Transforming jna-platform-5.6.0.jar (net.java.dev.jna:jna-platform:5.6.0) with InstrumentationAnalysisTransform
Transforming juniversalchardet-1.0.3.jar (com.googlecode.juniversalchardet:juniversalchardet:1.0.3) with InstrumentationAnalysisTransform
Transforming javax.annotation-api-1.3.2.jar (javax.annotation:javax.annotation-api:1.3.2) with InstrumentationAnalysisTransform
Transforming stax-ex-1.8.1.jar (org.jvnet.staxex:stax-ex:1.8.1) with InstrumentationAnalysisTransform
Transforming jakarta.xml.bind-api-2.3.2.jar (jakarta.xml.bind:jakarta.xml.bind-api:2.3.2) with InstrumentationAnalysisTransform
Transforming txw2-2.3.2.jar (org.glassfish.jaxb:txw2:2.3.2) with InstrumentationAnalysisTransform
Transforming istack-commons-runtime-3.0.8.jar (com.sun.istack:istack-commons-runtime:3.0.8) with InstrumentationAnalysisTransform
Transforming FastInfoset-1.2.16.jar (com.sun.xml.fastinfoset:FastInfoset:1.2.16) with InstrumentationAnalysisTransform
Transforming jakarta.activation-api-1.2.1.jar (jakarta.activation:jakarta.activation-api:1.2.1) with InstrumentationAnalysisTransform
Transforming auto-value-annotations-1.6.2.jar (com.google.auto.value:auto-value-annotations:1.6.2) with InstrumentationAnalysisTransform
Transforming jose4j-0.7.0.jar (org.bitbucket.b_c:jose4j:0.7.0) with InstrumentationAnalysisTransform
Transforming slf4j-api-1.7.30.jar (org.slf4j:slf4j-api:1.7.30) with InstrumentationAnalysisTransform
Transforming jdom2-2.0.6.jar (org.jdom:jdom2:2.0.6) with InstrumentationAnalysisTransform
Transforming annotations-4.1.1.4.jar (com.google.android:annotations:4.1.1.4) with InstrumentationAnalysisTransform
Transforming animal-sniffer-annotations-1.19.jar (org.codehaus.mojo:animal-sniffer-annotations:1.19) with InstrumentationAnalysisTransform
Transforming perfmark-api-0.23.0.jar (io.perfmark:perfmark-api:0.23.0) with InstrumentationAnalysisTransform
Transforming netty-codec-http2-4.1.72.Final.jar (io.netty:netty-codec-http2:4.1.72.Final) with InstrumentationAnalysisTransform
Transforming netty-handler-proxy-4.1.72.Final.jar (io.netty:netty-handler-proxy:4.1.72.Final) with InstrumentationAnalysisTransform
Transforming commons-codec-1.11.jar (commons-codec:commons-codec:1.11) with InstrumentationAnalysisTransform
Transforming apksig-8.2.1.jar (com.android.tools.build:apksig:8.2.1) with InstrumentationAnalysisTransform
Transforming javawriter-2.5.0.jar (com.squareup:javawriter:2.5.0) with InstrumentationAnalysisTransform
Transforming xml-apis-1.4.01.jar (xml-apis:xml-apis:1.4.01) with InstrumentationAnalysisTransform
Transforming commons-logging-1.2.jar (commons-logging:commons-logging:1.2) with InstrumentationAnalysisTransform
Transforming jna-5.6.0.jar (net.java.dev.jna:jna:5.6.0) with InstrumentationAnalysisTransform
Transforming grpc-context-1.45.1.jar (io.grpc:grpc-context:1.45.1) with InstrumentationAnalysisTransform
Transforming netty-codec-http-4.1.72.Final.jar (io.netty:netty-codec-http:4.1.72.Final) with InstrumentationAnalysisTransform
Transforming netty-handler-4.1.72.Final.jar (io.netty:netty-handler:4.1.72.Final) with InstrumentationAnalysisTransform
Transforming netty-codec-socks-4.1.72.Final.jar (io.netty:netty-codec-socks:4.1.72.Final) with InstrumentationAnalysisTransform
Transforming netty-codec-4.1.72.Final.jar (io.netty:netty-codec:4.1.72.Final) with InstrumentationAnalysisTransform
Transforming netty-transport-4.1.72.Final.jar (io.netty:netty-transport:4.1.72.Final) with InstrumentationAnalysisTransform
Transforming netty-buffer-4.1.72.Final.jar (io.netty:netty-buffer:4.1.72.Final) with InstrumentationAnalysisTransform
Transforming netty-resolver-4.1.72.Final.jar (io.netty:netty-resolver:4.1.72.Final) with InstrumentationAnalysisTransform
Transforming netty-common-4.1.72.Final.jar (io.netty:netty-common:4.1.72.Final) with InstrumentationAnalysisTransform
Transforming netty-tcnative-classes-2.0.46.Final.jar (io.netty:netty-tcnative-classes:2.0.46.Final) with InstrumentationAnalysisTransform
Transforming gradle-8.2.1.jar (com.android.tools.build:gradle:8.2.1) with InstrumentationAnalysisTransform
Transforming gradle-8.2.1.jar (com.android.tools.build:gradle:8.2.1) with MergeInstrumentationAnalysisTransform
Transforming kotlin-gradle-plugin-model-1.9.22.jar (org.jetbrains.kotlin:kotlin-gradle-plugin-model:1.9.22) with InstrumentationAnalysisTransform
Transforming kotlin-gradle-plugin-model-1.9.22.jar (org.jetbrains.kotlin:kotlin-gradle-plugin-model:1.9.22) with MergeInstrumentationAnalysisTransform
Transforming kotlin-gradle-plugin-api-1.9.22.jar (org.jetbrains.kotlin:kotlin-gradle-plugin-api:1.9.22) with InstrumentationAnalysisTransform
Transforming kotlin-gradle-plugin-api-1.9.22.jar (org.jetbrains.kotlin:kotlin-gradle-plugin-api:1.9.22) with MergeInstrumentationAnalysisTransform
Transforming kotlin-gradle-plugin-1.9.22-gradle82.jar (org.jetbrains.kotlin:kotlin-gradle-plugin:1.9.22) with InstrumentationAnalysisTransform
Transforming kotlin-gradle-plugin-1.9.22-gradle82.jar (org.jetbrains.kotlin:kotlin-gradle-plugin:1.9.22) with MergeInstrumentationAnalysisTransform
Transforming kotlin-gradle-plugin-model-1.9.22.jar (org.jetbrains.kotlin:kotlin-gradle-plugin-model:1.9.22) with ExternalDependencyInstrumentingArtifactTransform
Transforming gradle-8.2.1.jar (com.android.tools.build:gradle:8.2.1) with ExternalDependencyInstrumentingArtifactTransform
Transforming databinding-compiler-common-8.2.1.jar (androidx.databinding:databinding-compiler-common:8.2.1) with InstrumentationAnalysisTransform
Transforming databinding-compiler-common-8.2.1.jar (androidx.databinding:databinding-compiler-common:8.2.1) with MergeInstrumentationAnalysisTransform
Transforming kotlin-gradle-plugin-api-1.9.22.jar (org.jetbrains.kotlin:kotlin-gradle-plugin-api:1.9.22) with ExternalDependencyInstrumentingArtifactTransform
Transforming jetifier-processor-1.0.0-beta10.jar (com.android.tools.build.jetifier:jetifier-processor:1.0.0-beta10) with InstrumentationAnalysisTransform
Transforming kotlin-gradle-plugin-1.9.22-gradle82.jar (org.jetbrains.kotlin:kotlin-gradle-plugin:1.9.22) with ExternalDependencyInstrumentingArtifactTransform
Transforming jetifier-processor-1.0.0-beta10.jar (com.android.tools.build.jetifier:jetifier-processor:1.0.0-beta10) with MergeInstrumentationAnalysisTransform
Transforming databinding-compiler-common-8.2.1.jar (androidx.databinding:databinding-compiler-common:8.2.1) with ExternalDependencyInstrumentingArtifactTransform
Transforming jetifier-core-1.0.0-beta10.jar (com.android.tools.build.jetifier:jetifier-core:1.0.0-beta10) with InstrumentationAnalysisTransform
Transforming jetifier-core-1.0.0-beta10.jar (com.android.tools.build.jetifier:jetifier-core:1.0.0-beta10) with MergeInstrumentationAnalysisTransform
Transforming gradle-settings-api-8.2.1.jar (com.android.tools.build:gradle-settings-api:8.2.1) with InstrumentationAnalysisTransform
Transforming jetifier-processor-1.0.0-beta10.jar (com.android.tools.build.jetifier:jetifier-processor:1.0.0-beta10) with ExternalDependencyInstrumentingArtifactTransform
Transforming gradle-settings-api-8.2.1.jar (com.android.tools.build:gradle-settings-api:8.2.1) with MergeInstrumentationAnalysisTransform
Transforming jetifier-core-1.0.0-beta10.jar (com.android.tools.build.jetifier:jetifier-core:1.0.0-beta10) with ExternalDependencyInstrumentingArtifactTransform
Transforming lint-model-31.2.1.jar (com.android.tools.lint:lint-model:31.2.1) with InstrumentationAnalysisTransform
Transforming lint-model-31.2.1.jar (com.android.tools.lint:lint-model:31.2.1) with MergeInstrumentationAnalysisTransform
Transforming builder-8.2.1.jar (com.android.tools.build:builder:8.2.1) with InstrumentationAnalysisTransform
Transforming builder-8.2.1.jar (com.android.tools.build:builder:8.2.1) with MergeInstrumentationAnalysisTransform
Transforming manifest-merger-31.2.1.jar (com.android.tools.build:manifest-merger:31.2.1) with InstrumentationAnalysisTransform
Transforming gradle-settings-api-8.2.1.jar (com.android.tools.build:gradle-settings-api:8.2.1) with ExternalDependencyInstrumentingArtifactTransform
Transforming builder-8.2.1.jar (com.android.tools.build:builder:8.2.1) with ExternalDependencyInstrumentingArtifactTransform
Transforming lint-model-31.2.1.jar (com.android.tools.lint:lint-model:31.2.1) with ExternalDependencyInstrumentingArtifactTransform
Transforming manifest-merger-31.2.1.jar (com.android.tools.build:manifest-merger:31.2.1) with MergeInstrumentationAnalysisTransform
Transforming sdk-common-31.2.1.jar (com.android.tools:sdk-common:31.2.1) with InstrumentationAnalysisTransform
Transforming sdk-common-31.2.1.jar (com.android.tools:sdk-common:31.2.1) with MergeInstrumentationAnalysisTransform
Transforming sdklib-31.2.1.jar (com.android.tools:sdklib:31.2.1) with InstrumentationAnalysisTransform
Transforming manifest-merger-31.2.1.jar (com.android.tools.build:manifest-merger:31.2.1) with ExternalDependencyInstrumentingArtifactTransform
Transforming sdklib-31.2.1.jar (com.android.tools:sdklib:31.2.1) with MergeInstrumentationAnalysisTransform
Transforming repository-31.2.1.jar (com.android.tools:repository:31.2.1) with InstrumentationAnalysisTransform
Transforming repository-31.2.1.jar (com.android.tools:repository:31.2.1) with MergeInstrumentationAnalysisTransform
Transforming aaptcompiler-8.2.1.jar (com.android.tools.build:aaptcompiler:8.2.1) with InstrumentationAnalysisTransform
Transforming sdk-common-31.2.1.jar (com.android.tools:sdk-common:31.2.1) with ExternalDependencyInstrumentingArtifactTransform
Transforming aaptcompiler-8.2.1.jar (com.android.tools.build:aaptcompiler:8.2.1) with MergeInstrumentationAnalysisTransform
Transforming sdklib-31.2.1.jar (com.android.tools:sdklib:31.2.1) with ExternalDependencyInstrumentingArtifactTransform
Transforming repository-31.2.1.jar (com.android.tools:repository:31.2.1) with ExternalDependencyInstrumentingArtifactTransform
Transforming tracker-31.2.1.jar (com.android.tools.analytics-library:tracker:31.2.1) with InstrumentationAnalysisTransform
Transforming tracker-31.2.1.jar (com.android.tools.analytics-library:tracker:31.2.1) with MergeInstrumentationAnalysisTransform
Transforming shared-31.2.1.jar (com.android.tools.analytics-library:shared:31.2.1) with InstrumentationAnalysisTransform
Transforming aaptcompiler-8.2.1.jar (com.android.tools.build:aaptcompiler:8.2.1) with ExternalDependencyInstrumentingArtifactTransform
Transforming shared-31.2.1.jar (com.android.tools.analytics-library:shared:31.2.1) with MergeInstrumentationAnalysisTransform
Transforming tracker-31.2.1.jar (com.android.tools.analytics-library:tracker:31.2.1) with ExternalDependencyInstrumentingArtifactTransform
Transforming android-test-plugin-host-emulator-control-proto-31.2.1.jar (com.android.tools.utp:android-test-plugin-host-emulator-control-proto:31.2.1) with InstrumentationAnalysisTransform
Transforming android-test-plugin-host-emulator-control-proto-31.2.1.jar (com.android.tools.utp:android-test-plugin-host-emulator-control-proto:31.2.1) with MergeInstrumentationAnalysisTransform
Transforming android-test-plugin-host-retention-proto-31.2.1.jar (com.android.tools.utp:android-test-plugin-host-retention-proto:31.2.1) with InstrumentationAnalysisTransform
Transforming android-test-plugin-host-retention-proto-31.2.1.jar (com.android.tools.utp:android-test-plugin-host-retention-proto:31.2.1) with MergeInstrumentationAnalysisTransform
Transforming builder-model-8.2.1.jar (com.android.tools.build:builder-model:8.2.1) with InstrumentationAnalysisTransform
Transforming shared-31.2.1.jar (com.android.tools.analytics-library:shared:31.2.1) with ExternalDependencyInstrumentingArtifactTransform
Transforming android-test-plugin-host-retention-proto-31.2.1.jar (com.android.tools.utp:android-test-plugin-host-retention-proto:31.2.1) with ExternalDependencyInstrumentingArtifactTransform
Transforming builder-model-8.2.1.jar (com.android.tools.build:builder-model:8.2.1) with MergeInstrumentationAnalysisTransform
Transforming android-test-plugin-host-emulator-control-proto-31.2.1.jar (com.android.tools.utp:android-test-plugin-host-emulator-control-proto:31.2.1) with ExternalDependencyInstrumentingArtifactTransform
Transforming gradle-api-8.2.1.jar (com.android.tools.build:gradle-api:8.2.1) with InstrumentationAnalysisTransform
Transforming builder-model-8.2.1.jar (com.android.tools.build:builder-model:8.2.1) with ExternalDependencyInstrumentingArtifactTransform
Transforming gradle-api-8.2.1.jar (com.android.tools.build:gradle-api:8.2.1) with MergeInstrumentationAnalysisTransform
Transforming builder-test-api-8.2.1.jar (com.android.tools.build:builder-test-api:8.2.1) with InstrumentationAnalysisTransform
Transforming builder-test-api-8.2.1.jar (com.android.tools.build:builder-test-api:8.2.1) with MergeInstrumentationAnalysisTransform
Transforming ddmlib-31.2.1.jar (com.android.tools.ddms:ddmlib:31.2.1) with InstrumentationAnalysisTransform
Transforming ddmlib-31.2.1.jar (com.android.tools.ddms:ddmlib:31.2.1) with MergeInstrumentationAnalysisTransform
Transforming gradle-api-8.2.1.jar (com.android.tools.build:gradle-api:8.2.1) with ExternalDependencyInstrumentingArtifactTransform
Transforming layoutlib-api-31.2.1.jar (com.android.tools.layoutlib:layoutlib-api:31.2.1) with InstrumentationAnalysisTransform
Transforming layoutlib-api-31.2.1.jar (com.android.tools.layoutlib:layoutlib-api:31.2.1) with MergeInstrumentationAnalysisTransform
Transforming dvlib-31.2.1.jar (com.android.tools:dvlib:31.2.1) with InstrumentationAnalysisTransform
Transforming builder-test-api-8.2.1.jar (com.android.tools.build:builder-test-api:8.2.1) with ExternalDependencyInstrumentingArtifactTransform
Transforming ddmlib-31.2.1.jar (com.android.tools.ddms:ddmlib:31.2.1) with ExternalDependencyInstrumentingArtifactTransform
Transforming dvlib-31.2.1.jar (com.android.tools:dvlib:31.2.1) with MergeInstrumentationAnalysisTransform
Transforming layoutlib-api-31.2.1.jar (com.android.tools.layoutlib:layoutlib-api:31.2.1) with ExternalDependencyInstrumentingArtifactTransform
Transforming common-31.2.1.jar (com.android.tools:common:31.2.1) with InstrumentationAnalysisTransform
Transforming dvlib-31.2.1.jar (com.android.tools:dvlib:31.2.1) with ExternalDependencyInstrumentingArtifactTransform
Transforming common-31.2.1.jar (com.android.tools:common:31.2.1) with MergeInstrumentationAnalysisTransform
Transforming kotlin-stdlib-jdk8-1.9.0.jar (org.jetbrains.kotlin:kotlin-stdlib-jdk8:1.9.0) with InstrumentationAnalysisTransform
Transforming kotlin-stdlib-jdk8-1.9.0.jar (org.jetbrains.kotlin:kotlin-stdlib-jdk8:1.9.0) with MergeInstrumentationAnalysisTransform
Transforming kotlin-reflect-1.9.0.jar (org.jetbrains.kotlin:kotlin-reflect:1.9.0) with InstrumentationAnalysisTransform
Transforming common-31.2.1.jar (com.android.tools:common:31.2.1) with ExternalDependencyInstrumentingArtifactTransform
Transforming kotlin-reflect-1.9.0.jar (org.jetbrains.kotlin:kotlin-reflect:1.9.0) with MergeInstrumentationAnalysisTransform
Transforming kotlin-stdlib-jdk8-1.9.0.jar (org.jetbrains.kotlin:kotlin-stdlib-jdk8:1.9.0) with ExternalDependencyInstrumentingArtifactTransform
Transforming kotlin-stdlib-jdk7-1.9.0.jar (org.jetbrains.kotlin:kotlin-stdlib-jdk7:1.9.0) with InstrumentationAnalysisTransform
Transforming kotlin-stdlib-jdk7-1.9.0.jar (org.jetbrains.kotlin:kotlin-stdlib-jdk7:1.9.0) with MergeInstrumentationAnalysisTransform
Transforming kotlin-stdlib-1.9.23.jar (org.jetbrains.kotlin:kotlin-stdlib:1.9.23) with InstrumentationAnalysisTransform
Transforming kotlin-stdlib-1.9.23.jar (org.jetbrains.kotlin:kotlin-stdlib:1.9.23) with MergeInstrumentationAnalysisTransform
Transforming kotlin-stdlib-jdk7-1.9.0.jar (org.jetbrains.kotlin:kotlin-stdlib-jdk7:1.9.0) with ExternalDependencyInstrumentingArtifactTransform
Transforming kotlin-reflect-1.9.0.jar (org.jetbrains.kotlin:kotlin-reflect:1.9.0) with ExternalDependencyInstrumentingArtifactTransform
Transforming android-test-plugin-result-listener-gradle-proto-31.2.1.jar (com.android.tools.utp:android-test-plugin-result-listener-gradle-proto:31.2.1) with InstrumentationAnalysisTransform
Transforming kotlin-stdlib-1.9.23.jar (org.jetbrains.kotlin:kotlin-stdlib:1.9.23) with ExternalDependencyInstrumentingArtifactTransform
Transforming android-test-plugin-result-listener-gradle-proto-31.2.1.jar (com.android.tools.utp:android-test-plugin-result-listener-gradle-proto:31.2.1) with MergeInstrumentationAnalysisTransform
Transforming bundletool-1.15.2.jar (com.android.tools.build:bundletool:1.15.2) with InstrumentationAnalysisTransform
Transforming bundletool-1.15.2.jar (com.android.tools.build:bundletool:1.15.2) with MergeInstrumentationAnalysisTransform
Transforming android-test-plugin-result-listener-gradle-proto-31.2.1.jar (com.android.tools.utp:android-test-plugin-result-listener-gradle-proto:31.2.1) with ExternalDependencyInstrumentingArtifactTransform
Transforming protobuf-java-util-3.19.3.jar (com.google.protobuf:protobuf-java-util:3.19.3) with InstrumentationAnalysisTransform
Transforming protobuf-java-util-3.19.3.jar (com.google.protobuf:protobuf-java-util:3.19.3) with MergeInstrumentationAnalysisTransform
Transforming bundletool-1.15.2.jar (com.android.tools.build:bundletool:1.15.2) with ExternalDependencyInstrumentingArtifactTransform
Transforming grpc-netty-1.45.1.jar (io.grpc:grpc-netty:1.45.1) with InstrumentationAnalysisTransform
Transforming grpc-netty-1.45.1.jar (io.grpc:grpc-netty:1.45.1) with MergeInstrumentationAnalysisTransform
Transforming protobuf-java-util-3.19.3.jar (com.google.protobuf:protobuf-java-util:3.19.3) with ExternalDependencyInstrumentingArtifactTransform
Transforming grpc-core-1.45.1.jar (io.grpc:grpc-core:1.45.1) with InstrumentationAnalysisTransform
Transforming grpc-core-1.45.1.jar (io.grpc:grpc-core:1.45.1) with MergeInstrumentationAnalysisTransform
Transforming tink-1.7.0.jar (com.google.crypto.tink:tink:1.7.0) with InstrumentationAnalysisTransform
Transforming grpc-netty-1.45.1.jar (io.grpc:grpc-netty:1.45.1) with ExternalDependencyInstrumentingArtifactTransform
Transforming tink-1.7.0.jar (com.google.crypto.tink:tink:1.7.0) with MergeInstrumentationAnalysisTransform
Transforming grpc-core-1.45.1.jar (io.grpc:grpc-core:1.45.1) with ExternalDependencyInstrumentingArtifactTransform
Transforming gson-2.10.jar (com.google.code.gson:gson:2.10) with InstrumentationAnalysisTransform
Transforming gson-2.10.jar (com.google.code.gson:gson:2.10) with MergeInstrumentationAnalysisTransform
Transforming crash-31.2.1.jar (com.android.tools.analytics-library:crash:31.2.1) with InstrumentationAnalysisTransform
Transforming tink-1.7.0.jar (com.google.crypto.tink:tink:1.7.0) with ExternalDependencyInstrumentingArtifactTransform
Transforming crash-31.2.1.jar (com.android.tools.analytics-library:crash:31.2.1) with MergeInstrumentationAnalysisTransform
Transforming gson-2.10.jar (com.google.code.gson:gson:2.10) with ExternalDependencyInstrumentingArtifactTransform
Transforming lint-typedef-remover-31.2.1.jar (com.android.tools.lint:lint-typedef-remover:31.2.1) with InstrumentationAnalysisTransform
Transforming crash-31.2.1.jar (com.android.tools.analytics-library:crash:31.2.1) with ExternalDependencyInstrumentingArtifactTransform
Transforming lint-typedef-remover-31.2.1.jar (com.android.tools.lint:lint-typedef-remover:31.2.1) with MergeInstrumentationAnalysisTransform
Transforming grpc-protobuf-1.45.1.jar (io.grpc:grpc-protobuf:1.45.1) with InstrumentationAnalysisTransform
Transforming lint-typedef-remover-31.2.1.jar (com.android.tools.lint:lint-typedef-remover:31.2.1) with ExternalDependencyInstrumentingArtifactTransform
Transforming grpc-protobuf-1.45.1.jar (io.grpc:grpc-protobuf:1.45.1) with MergeInstrumentationAnalysisTransform
Transforming grpc-stub-1.45.1.jar (io.grpc:grpc-stub:1.45.1) with InstrumentationAnalysisTransform
Transforming grpc-stub-1.45.1.jar (io.grpc:grpc-stub:1.45.1) with MergeInstrumentationAnalysisTransform
Transforming jimfs-1.1.jar (com.google.jimfs:jimfs:1.1) with InstrumentationAnalysisTransform
Transforming jimfs-1.1.jar (com.google.jimfs:jimfs:1.1) with MergeInstrumentationAnalysisTransform
Transforming grpc-protobuf-lite-1.45.1.jar (io.grpc:grpc-protobuf-lite:1.45.1) with InstrumentationAnalysisTransform
Transforming grpc-protobuf-1.45.1.jar (io.grpc:grpc-protobuf:1.45.1) with ExternalDependencyInstrumentingArtifactTransform
Transforming grpc-protobuf-lite-1.45.1.jar (io.grpc:grpc-protobuf-lite:1.45.1) with MergeInstrumentationAnalysisTransform
Transforming grpc-api-1.45.1.jar (io.grpc:grpc-api:1.45.1) with InstrumentationAnalysisTransform
Transforming grpc-stub-1.45.1.jar (io.grpc:grpc-stub:1.45.1) with ExternalDependencyInstrumentingArtifactTransform
Transforming grpc-api-1.45.1.jar (io.grpc:grpc-api:1.45.1) with MergeInstrumentationAnalysisTransform
Transforming jimfs-1.1.jar (com.google.jimfs:jimfs:1.1) with ExternalDependencyInstrumentingArtifactTransform
Transforming apkzlib-8.2.1.jar (com.android.tools.build:apkzlib:8.2.1) with InstrumentationAnalysisTransform
Transforming grpc-protobuf-lite-1.45.1.jar (io.grpc:grpc-protobuf-lite:1.45.1) with ExternalDependencyInstrumentingArtifactTransform
Transforming grpc-api-1.45.1.jar (io.grpc:grpc-api:1.45.1) with ExternalDependencyInstrumentingArtifactTransform
Transforming apkzlib-8.2.1.jar (com.android.tools.build:apkzlib:8.2.1) with MergeInstrumentationAnalysisTransform
Transforming guava-31.1-jre.jar (com.google.guava:guava:31.1-jre) with InstrumentationAnalysisTransform
Transforming guava-31.1-jre.jar (com.google.guava:guava:31.1-jre) with MergeInstrumentationAnalysisTransform
Transforming apkzlib-8.2.1.jar (com.android.tools.build:apkzlib:8.2.1) with ExternalDependencyInstrumentingArtifactTransform
Transforming javapoet-1.13.0.jar (com.squareup:javapoet:1.13.0) with InstrumentationAnalysisTransform
Transforming guava-31.1-jre.jar (com.google.guava:guava:31.1-jre) with ExternalDependencyInstrumentingArtifactTransform
Transforming javapoet-1.13.0.jar (com.squareup:javapoet:1.13.0) with MergeInstrumentationAnalysisTransform
Transforming annotations-13.0.jar (org.jetbrains:annotations:13.0) with InstrumentationAnalysisTransform
Transforming annotations-13.0.jar (org.jetbrains:annotations:13.0) with MergeInstrumentationAnalysisTransform
Transforming javapoet-1.13.0.jar (com.squareup:javapoet:1.13.0) with ExternalDependencyInstrumentingArtifactTransform
Transforming kotlin-gradle-plugin-idea-proto-1.9.22.jar (org.jetbrains.kotlin:kotlin-gradle-plugin-idea-proto:1.9.22) with InstrumentationAnalysisTransform
Transforming kotlin-gradle-plugin-idea-proto-1.9.22.jar (org.jetbrains.kotlin:kotlin-gradle-plugin-idea-proto:1.9.22) with MergeInstrumentationAnalysisTransform
Transforming annotations-13.0.jar (org.jetbrains:annotations:13.0) with ExternalDependencyInstrumentingArtifactTransform
Transforming kotlin-gradle-plugin-idea-1.9.22.jar (org.jetbrains.kotlin:kotlin-gradle-plugin-idea:1.9.22) with InstrumentationAnalysisTransform
Transforming kotlin-gradle-plugin-idea-proto-1.9.22.jar (org.jetbrains.kotlin:kotlin-gradle-plugin-idea-proto:1.9.22) with ExternalDependencyInstrumentingArtifactTransform
Transforming kotlin-gradle-plugin-idea-1.9.22.jar (org.jetbrains.kotlin:kotlin-gradle-plugin-idea:1.9.22) with MergeInstrumentationAnalysisTransform
Transforming kotlin-klib-commonizer-api-1.9.22.jar (org.jetbrains.kotlin:kotlin-klib-commonizer-api:1.9.22) with InstrumentationAnalysisTransform
Transforming kotlin-klib-commonizer-api-1.9.22.jar (org.jetbrains.kotlin:kotlin-klib-commonizer-api:1.9.22) with MergeInstrumentationAnalysisTransform
Transforming kotlin-native-utils-1.9.22.jar (org.jetbrains.kotlin:kotlin-native-utils:1.9.22) with InstrumentationAnalysisTransform
Transforming kotlin-native-utils-1.9.22.jar (org.jetbrains.kotlin:kotlin-native-utils:1.9.22) with MergeInstrumentationAnalysisTransform
Transforming kotlin-util-klib-1.9.22.jar (org.jetbrains.kotlin:kotlin-util-klib:1.9.22) with InstrumentationAnalysisTransform
Transforming kotlin-gradle-plugin-idea-1.9.22.jar (org.jetbrains.kotlin:kotlin-gradle-plugin-idea:1.9.22) with ExternalDependencyInstrumentingArtifactTransform
Transforming kotlin-klib-commonizer-api-1.9.22.jar (org.jetbrains.kotlin:kotlin-klib-commonizer-api:1.9.22) with ExternalDependencyInstrumentingArtifactTransform
Transforming kotlin-util-klib-1.9.22.jar (org.jetbrains.kotlin:kotlin-util-klib:1.9.22) with MergeInstrumentationAnalysisTransform
Transforming kotlin-build-tools-api-1.9.22.jar (org.jetbrains.kotlin:kotlin-build-tools-api:1.9.22) with InstrumentationAnalysisTransform
Transforming kotlin-native-utils-1.9.22.jar (org.jetbrains.kotlin:kotlin-native-utils:1.9.22) with ExternalDependencyInstrumentingArtifactTransform
Transforming kotlin-build-tools-api-1.9.22.jar (org.jetbrains.kotlin:kotlin-build-tools-api:1.9.22) with MergeInstrumentationAnalysisTransform
Transforming kotlin-android-extensions-1.9.22.jar (org.jetbrains.kotlin:kotlin-android-extensions:1.9.22) with InstrumentationAnalysisTransform
Transforming kotlin-util-klib-1.9.22.jar (org.jetbrains.kotlin:kotlin-util-klib:1.9.22) with ExternalDependencyInstrumentingArtifactTransform
Transforming kotlin-android-extensions-1.9.22.jar (org.jetbrains.kotlin:kotlin-android-extensions:1.9.22) with MergeInstrumentationAnalysisTransform
Transforming kotlin-build-tools-api-1.9.22.jar (org.jetbrains.kotlin:kotlin-build-tools-api:1.9.22) with ExternalDependencyInstrumentingArtifactTransform
Transforming kotlin-compiler-runner-1.9.22.jar (org.jetbrains.kotlin:kotlin-compiler-runner:1.9.22) with InstrumentationAnalysisTransform
Transforming kotlin-compiler-runner-1.9.22.jar (org.jetbrains.kotlin:kotlin-compiler-runner:1.9.22) with MergeInstrumentationAnalysisTransform
Transforming kotlin-compiler-embeddable-1.9.22.jar (org.jetbrains.kotlin:kotlin-compiler-embeddable:1.9.22) with InstrumentationAnalysisTransform
Transforming kotlin-compiler-embeddable-1.9.22.jar (org.jetbrains.kotlin:kotlin-compiler-embeddable:1.9.22) with MergeInstrumentationAnalysisTransform
Transforming kotlin-scripting-compiler-embeddable-1.9.22.jar (org.jetbrains.kotlin:kotlin-scripting-compiler-embeddable:1.9.22) with InstrumentationAnalysisTransform
Transforming kotlin-android-extensions-1.9.22.jar (org.jetbrains.kotlin:kotlin-android-extensions:1.9.22) with ExternalDependencyInstrumentingArtifactTransform
Transforming kotlin-compiler-runner-1.9.22.jar (org.jetbrains.kotlin:kotlin-compiler-runner:1.9.22) with ExternalDependencyInstrumentingArtifactTransform
Transforming kotlin-scripting-compiler-embeddable-1.9.22.jar (org.jetbrains.kotlin:kotlin-scripting-compiler-embeddable:1.9.22) with MergeInstrumentationAnalysisTransform
Transforming kotlin-compiler-embeddable-1.9.22.jar (org.jetbrains.kotlin:kotlin-compiler-embeddable:1.9.22) with ExternalDependencyInstrumentingArtifactTransform
Transforming kotlin-scripting-compiler-impl-embeddable-1.9.22.jar (org.jetbrains.kotlin:kotlin-scripting-compiler-impl-embeddable:1.9.22) with InstrumentationAnalysisTransform
Transforming kotlin-scripting-compiler-embeddable-1.9.22.jar (org.jetbrains.kotlin:kotlin-scripting-compiler-embeddable:1.9.22) with ExternalDependencyInstrumentingArtifactTransform
Transforming kotlin-scripting-compiler-impl-embeddable-1.9.22.jar (org.jetbrains.kotlin:kotlin-scripting-compiler-impl-embeddable:1.9.22) with MergeInstrumentationAnalysisTransform
Transforming aapt2-proto-8.2.1-10154469.jar (com.android.tools.build:aapt2-proto:8.2.1-10154469) with InstrumentationAnalysisTransform
Transforming aapt2-proto-8.2.1-10154469.jar (com.android.tools.build:aapt2-proto:8.2.1-10154469) with MergeInstrumentationAnalysisTransform
Transforming databinding-common-8.2.1.jar (androidx.databinding:databinding-common:8.2.1) with InstrumentationAnalysisTransform
Transforming databinding-common-8.2.1.jar (androidx.databinding:databinding-common:8.2.1) with MergeInstrumentationAnalysisTransform
Transforming kotlin-scripting-compiler-impl-embeddable-1.9.22.jar (org.jetbrains.kotlin:kotlin-scripting-compiler-impl-embeddable:1.9.22) with ExternalDependencyInstrumentingArtifactTransform
Transforming baseLibrary-8.2.1.jar (com.android.databinding:baseLibrary:8.2.1) with InstrumentationAnalysisTransform
Transforming baseLibrary-8.2.1.jar (com.android.databinding:baseLibrary:8.2.1) with MergeInstrumentationAnalysisTransform
Transforming databinding-common-8.2.1.jar (androidx.databinding:databinding-common:8.2.1) with ExternalDependencyInstrumentingArtifactTransform
Transforming aapt2-proto-8.2.1-10154469.jar (com.android.tools.build:aapt2-proto:8.2.1-10154469) with ExternalDependencyInstrumentingArtifactTransform
Transforming android-device-provider-ddmlib-proto-31.2.1.jar (com.android.tools.utp:android-device-provider-ddmlib-proto:31.2.1) with InstrumentationAnalysisTransform
Transforming baseLibrary-8.2.1.jar (com.android.databinding:baseLibrary:8.2.1) with ExternalDependencyInstrumentingArtifactTransform
Transforming android-device-provider-ddmlib-proto-31.2.1.jar (com.android.tools.utp:android-device-provider-ddmlib-proto:31.2.1) with MergeInstrumentationAnalysisTransform
Transforming android-device-provider-gradle-proto-31.2.1.jar (com.android.tools.utp:android-device-provider-gradle-proto:31.2.1) with InstrumentationAnalysisTransform
Transforming android-device-provider-gradle-proto-31.2.1.jar (com.android.tools.utp:android-device-provider-gradle-proto:31.2.1) with MergeInstrumentationAnalysisTransform
Transforming android-test-plugin-host-additional-test-output-proto-31.2.1.jar (com.android.tools.utp:android-test-plugin-host-additional-test-output-proto:31.2.1) with InstrumentationAnalysisTransform
Transforming android-device-provider-ddmlib-proto-31.2.1.jar (com.android.tools.utp:android-device-provider-ddmlib-proto:31.2.1) with ExternalDependencyInstrumentingArtifactTransform
Transforming android-test-plugin-host-additional-test-output-proto-31.2.1.jar (com.android.tools.utp:android-test-plugin-host-additional-test-output-proto:31.2.1) with MergeInstrumentationAnalysisTransform
Transforming android-test-plugin-host-coverage-proto-31.2.1.jar (com.android.tools.utp:android-test-plugin-host-coverage-proto:31.2.1) with InstrumentationAnalysisTransform
Transforming android-device-provider-gradle-proto-31.2.1.jar (com.android.tools.utp:android-device-provider-gradle-proto:31.2.1) with ExternalDependencyInstrumentingArtifactTransform
Transforming android-test-plugin-host-coverage-proto-31.2.1.jar (com.android.tools.utp:android-test-plugin-host-coverage-proto:31.2.1) with MergeInstrumentationAnalysisTransform
Transforming android-test-plugin-host-logcat-proto-31.2.1.jar (com.android.tools.utp:android-test-plugin-host-logcat-proto:31.2.1) with InstrumentationAnalysisTransform
Transforming android-test-plugin-host-logcat-proto-31.2.1.jar (com.android.tools.utp:android-test-plugin-host-logcat-proto:31.2.1) with MergeInstrumentationAnalysisTransform
Transforming android-test-plugin-host-additional-test-output-proto-31.2.1.jar (com.android.tools.utp:android-test-plugin-host-additional-test-output-proto:31.2.1) with ExternalDependencyInstrumentingArtifactTransform
Transforming android-test-plugin-host-coverage-proto-31.2.1.jar (com.android.tools.utp:android-test-plugin-host-coverage-proto:31.2.1) with ExternalDependencyInstrumentingArtifactTransform
Transforming android-test-plugin-host-apk-installer-proto-31.2.1.jar (com.android.tools.utp:android-test-plugin-host-apk-installer-proto:31.2.1) with InstrumentationAnalysisTransform
Transforming android-test-plugin-host-logcat-proto-31.2.1.jar (com.android.tools.utp:android-test-plugin-host-logcat-proto:31.2.1) with ExternalDependencyInstrumentingArtifactTransform
Transforming android-test-plugin-host-apk-installer-proto-31.2.1.jar (com.android.tools.utp:android-test-plugin-host-apk-installer-proto:31.2.1) with MergeInstrumentationAnalysisTransform
Transforming transform-api-2.0.0-deprecated-use-gradle-api.jar (com.android.tools.build:transform-api:2.0.0-deprecated-use-gradle-api) with InstrumentationAnalysisTransform
Transforming transform-api-2.0.0-deprecated-use-gradle-api.jar (com.android.tools.build:transform-api:2.0.0-deprecated-use-gradle-api) with MergeInstrumentationAnalysisTransform
Transforming httpmime-4.5.6.jar (org.apache.httpcomponents:httpmime:4.5.6) with InstrumentationAnalysisTransform
Transforming android-test-plugin-host-apk-installer-proto-31.2.1.jar (com.android.tools.utp:android-test-plugin-host-apk-installer-proto:31.2.1) with ExternalDependencyInstrumentingArtifactTransform
Transforming httpmime-4.5.6.jar (org.apache.httpcomponents:httpmime:4.5.6) with MergeInstrumentationAnalysisTransform
Transforming commons-io-2.4.jar (commons-io:commons-io:2.4) with InstrumentationAnalysisTransform
Transforming transform-api-2.0.0-deprecated-use-gradle-api.jar (com.android.tools.build:transform-api:2.0.0-deprecated-use-gradle-api) with ExternalDependencyInstrumentingArtifactTransform
Transforming commons-io-2.4.jar (commons-io:commons-io:2.4) with MergeInstrumentationAnalysisTransform
Transforming httpmime-4.5.6.jar (org.apache.httpcomponents:httpmime:4.5.6) with ExternalDependencyInstrumentingArtifactTransform
Transforming asm-commons-9.2.jar (org.ow2.asm:asm-commons:9.2) with InstrumentationAnalysisTransform
Transforming asm-commons-9.2.jar (org.ow2.asm:asm-commons:9.2) with MergeInstrumentationAnalysisTransform
Transforming asm-util-9.2.jar (org.ow2.asm:asm-util:9.2) with InstrumentationAnalysisTransform
Transforming commons-io-2.4.jar (commons-io:commons-io:2.4) with ExternalDependencyInstrumentingArtifactTransform
Transforming asm-util-9.2.jar (org.ow2.asm:asm-util:9.2) with MergeInstrumentationAnalysisTransform
Transforming asm-analysis-9.2.jar (org.ow2.asm:asm-analysis:9.2) with InstrumentationAnalysisTransform
Transforming asm-analysis-9.2.jar (org.ow2.asm:asm-analysis:9.2) with MergeInstrumentationAnalysisTransform
Transforming asm-commons-9.2.jar (org.ow2.asm:asm-commons:9.2) with ExternalDependencyInstrumentingArtifactTransform
Transforming asm-util-9.2.jar (org.ow2.asm:asm-util:9.2) with ExternalDependencyInstrumentingArtifactTransform
Transforming asm-tree-9.2.jar (org.ow2.asm:asm-tree:9.2) with InstrumentationAnalysisTransform
Transforming asm-tree-9.2.jar (org.ow2.asm:asm-tree:9.2) with MergeInstrumentationAnalysisTransform
Transforming asm-analysis-9.2.jar (org.ow2.asm:asm-analysis:9.2) with ExternalDependencyInstrumentingArtifactTransform
Transforming asm-9.2.jar (org.ow2.asm:asm:9.2) with InstrumentationAnalysisTransform
Transforming asm-tree-9.2.jar (org.ow2.asm:asm-tree:9.2) with ExternalDependencyInstrumentingArtifactTransform
Transforming asm-9.2.jar (org.ow2.asm:asm:9.2) with MergeInstrumentationAnalysisTransform
Transforming bcpkix-jdk15on-1.67.jar (org.bouncycastle:bcpkix-jdk15on:1.67) with InstrumentationAnalysisTransform
Transforming bcpkix-jdk15on-1.67.jar (org.bouncycastle:bcpkix-jdk15on:1.67) with MergeInstrumentationAnalysisTransform
Transforming jaxb-runtime-2.3.2.jar (org.glassfish.jaxb:jaxb-runtime:2.3.2) with InstrumentationAnalysisTransform
Transforming jaxb-runtime-2.3.2.jar (org.glassfish.jaxb:jaxb-runtime:2.3.2) with MergeInstrumentationAnalysisTransform
Transforming jopt-simple-4.9.jar (net.sf.jopt-simple:jopt-simple:4.9) with InstrumentationAnalysisTransform
Transforming bcpkix-jdk15on-1.67.jar (org.bouncycastle:bcpkix-jdk15on:1.67) with ExternalDependencyInstrumentingArtifactTransform
Transforming asm-9.2.jar (org.ow2.asm:asm:9.2) with ExternalDependencyInstrumentingArtifactTransform
Transforming jopt-simple-4.9.jar (net.sf.jopt-simple:jopt-simple:4.9) with MergeInstrumentationAnalysisTransform
Transforming jaxb-runtime-2.3.2.jar (org.glassfish.jaxb:jaxb-runtime:2.3.2) with ExternalDependencyInstrumentingArtifactTransform
Transforming protos-31.2.1.jar (com.android.tools.analytics-library:protos:31.2.1) with InstrumentationAnalysisTransform
Transforming jopt-simple-4.9.jar (net.sf.jopt-simple:jopt-simple:4.9) with ExternalDependencyInstrumentingArtifactTransform
Transforming protos-31.2.1.jar (com.android.tools.analytics-library:protos:31.2.1) with MergeInstrumentationAnalysisTransform
Transforming proto-google-common-protos-2.0.1.jar (com.google.api.grpc:proto-google-common-protos:2.0.1) with InstrumentationAnalysisTransform
Transforming proto-google-common-protos-2.0.1.jar (com.google.api.grpc:proto-google-common-protos:2.0.1) with MergeInstrumentationAnalysisTransform
Transforming protobuf-java-3.19.3.jar (com.google.protobuf:protobuf-java:3.19.3) with InstrumentationAnalysisTransform
Transforming protobuf-java-3.19.3.jar (com.google.protobuf:protobuf-java:3.19.3) with MergeInstrumentationAnalysisTransform
Transforming protos-31.2.1.jar (com.android.tools.analytics-library:protos:31.2.1) with ExternalDependencyInstrumentingArtifactTransform
Transforming core-proto-0.0.8-alpha08.jar (com.google.testing.platform:core-proto:0.0.8-alpha08) with InstrumentationAnalysisTransform
Transforming core-proto-0.0.8-alpha08.jar (com.google.testing.platform:core-proto:0.0.8-alpha08) with MergeInstrumentationAnalysisTransform
Transforming tensorflow-lite-metadata-0.1.0-rc2.jar (org.tensorflow:tensorflow-lite-metadata:0.1.0-rc2) with InstrumentationAnalysisTransform
Transforming protobuf-java-3.19.3.jar (com.google.protobuf:protobuf-java:3.19.3) with ExternalDependencyInstrumentingArtifactTransform
Transforming tensorflow-lite-metadata-0.1.0-rc2.jar (org.tensorflow:tensorflow-lite-metadata:0.1.0-rc2) with MergeInstrumentationAnalysisTransform
Transforming proto-google-common-protos-2.0.1.jar (com.google.api.grpc:proto-google-common-protos:2.0.1) with ExternalDependencyInstrumentingArtifactTransform
Transforming flatbuffers-java-1.12.0.jar (com.google.flatbuffers:flatbuffers-java:1.12.0) with InstrumentationAnalysisTransform
Transforming tensorflow-lite-metadata-0.1.0-rc2.jar (org.tensorflow:tensorflow-lite-metadata:0.1.0-rc2) with ExternalDependencyInstrumentingArtifactTransform
Transforming core-proto-0.0.8-alpha08.jar (com.google.testing.platform:core-proto:0.0.8-alpha08) with ExternalDependencyInstrumentingArtifactTransform
Transforming flatbuffers-java-1.12.0.jar (com.google.flatbuffers:flatbuffers-java:1.12.0) with MergeInstrumentationAnalysisTransform
Transforming failureaccess-1.0.1.jar (com.google.guava:failureaccess:1.0.1) with InstrumentationAnalysisTransform
Transforming flatbuffers-java-1.12.0.jar (com.google.flatbuffers:flatbuffers-java:1.12.0) with ExternalDependencyInstrumentingArtifactTransform
Transforming failureaccess-1.0.1.jar (com.google.guava:failureaccess:1.0.1) with MergeInstrumentationAnalysisTransform
Transforming listenablefuture-9999.0-empty-to-avoid-conflict-with-guava.jar (com.google.guava:listenablefuture:9999.0-empty-to-avoid-conflict-with-guava) with InstrumentationAnalysisTransform
Transforming listenablefuture-9999.0-empty-to-avoid-conflict-with-guava.jar (com.google.guava:listenablefuture:9999.0-empty-to-avoid-conflict-with-guava) with MergeInstrumentationAnalysisTransform
Transforming jsr305-3.0.2.jar (com.google.code.findbugs:jsr305:3.0.2) with InstrumentationAnalysisTransform
Transforming failureaccess-1.0.1.jar (com.google.guava:failureaccess:1.0.1) with ExternalDependencyInstrumentingArtifactTransform
Transforming jsr305-3.0.2.jar (com.google.code.findbugs:jsr305:3.0.2) with MergeInstrumentationAnalysisTransform
Transforming listenablefuture-9999.0-empty-to-avoid-conflict-with-guava.jar (com.google.guava:listenablefuture:9999.0-empty-to-avoid-conflict-with-guava) with ExternalDependencyInstrumentingArtifactTransform
Transforming checker-qual-3.12.0.jar (org.checkerframework:checker-qual:3.12.0) with InstrumentationAnalysisTransform
Transforming jsr305-3.0.2.jar (com.google.code.findbugs:jsr305:3.0.2) with ExternalDependencyInstrumentingArtifactTransform
Transforming checker-qual-3.12.0.jar (org.checkerframework:checker-qual:3.12.0) with MergeInstrumentationAnalysisTransform
Transforming error_prone_annotations-2.11.0.jar (com.google.errorprone:error_prone_annotations:2.11.0) with InstrumentationAnalysisTransform
Transforming error_prone_annotations-2.11.0.jar (com.google.errorprone:error_prone_annotations:2.11.0) with MergeInstrumentationAnalysisTransform
Transforming j2objc-annotations-1.3.jar (com.google.j2objc:j2objc-annotations:1.3) with InstrumentationAnalysisTransform
Transforming checker-qual-3.12.0.jar (org.checkerframework:checker-qual:3.12.0) with ExternalDependencyInstrumentingArtifactTransform
Transforming error_prone_annotations-2.11.0.jar (com.google.errorprone:error_prone_annotations:2.11.0) with ExternalDependencyInstrumentingArtifactTransform
Transforming j2objc-annotations-1.3.jar (com.google.j2objc:j2objc-annotations:1.3) with MergeInstrumentationAnalysisTransform
Transforming kotlin-gradle-plugin-annotations-1.9.22.jar (org.jetbrains.kotlin:kotlin-gradle-plugin-annotations:1.9.22) with InstrumentationAnalysisTransform
Transforming kotlin-gradle-plugin-annotations-1.9.22.jar (org.jetbrains.kotlin:kotlin-gradle-plugin-annotations:1.9.22) with MergeInstrumentationAnalysisTransform
Transforming j2objc-annotations-1.3.jar (com.google.j2objc:j2objc-annotations:1.3) with ExternalDependencyInstrumentingArtifactTransform
Transforming kotlin-project-model-1.9.22.jar (org.jetbrains.kotlin:kotlin-project-model:1.9.22) with InstrumentationAnalysisTransform
Transforming kotlin-project-model-1.9.22.jar (org.jetbrains.kotlin:kotlin-project-model:1.9.22) with MergeInstrumentationAnalysisTransform
Transforming kotlin-tooling-core-1.9.22.jar (org.jetbrains.kotlin:kotlin-tooling-core:1.9.22) with InstrumentationAnalysisTransform
Transforming kotlin-tooling-core-1.9.22.jar (org.jetbrains.kotlin:kotlin-tooling-core:1.9.22) with MergeInstrumentationAnalysisTransform
Transforming kotlin-gradle-plugin-annotations-1.9.22.jar (org.jetbrains.kotlin:kotlin-gradle-plugin-annotations:1.9.22) with ExternalDependencyInstrumentingArtifactTransform
Transforming kotlin-util-io-1.9.22.jar (org.jetbrains.kotlin:kotlin-util-io:1.9.22) with InstrumentationAnalysisTransform
Transforming kotlin-util-io-1.9.22.jar (org.jetbrains.kotlin:kotlin-util-io:1.9.22) with MergeInstrumentationAnalysisTransform
Transforming kotlin-project-model-1.9.22.jar (org.jetbrains.kotlin:kotlin-project-model:1.9.22) with ExternalDependencyInstrumentingArtifactTransform
Transforming kotlin-tooling-core-1.9.22.jar (org.jetbrains.kotlin:kotlin-tooling-core:1.9.22) with ExternalDependencyInstrumentingArtifactTransform
Transforming kotlin-daemon-embeddable-1.9.22.jar (org.jetbrains.kotlin:kotlin-daemon-embeddable:1.9.22) with InstrumentationAnalysisTransform
Transforming kotlin-daemon-embeddable-1.9.22.jar (org.jetbrains.kotlin:kotlin-daemon-embeddable:1.9.22) with MergeInstrumentationAnalysisTransform
Transforming trove4j-1.0.20200330.jar (org.jetbrains.intellij.deps:trove4j:1.0.20200330) with InstrumentationAnalysisTransform
Transforming kotlin-util-io-1.9.22.jar (org.jetbrains.kotlin:kotlin-util-io:1.9.22) with ExternalDependencyInstrumentingArtifactTransform
Transforming kotlin-daemon-embeddable-1.9.22.jar (org.jetbrains.kotlin:kotlin-daemon-embeddable:1.9.22) with ExternalDependencyInstrumentingArtifactTransform
Transforming trove4j-1.0.20200330.jar (org.jetbrains.intellij.deps:trove4j:1.0.20200330) with MergeInstrumentationAnalysisTransform
Transforming kotlin-daemon-client-1.9.22.jar (org.jetbrains.kotlin:kotlin-daemon-client:1.9.22) with InstrumentationAnalysisTransform
Transforming kotlin-daemon-client-1.9.22.jar (org.jetbrains.kotlin:kotlin-daemon-client:1.9.22) with MergeInstrumentationAnalysisTransform
Transforming kotlinx-coroutines-core-jvm-1.5.0.jar (org.jetbrains.kotlinx:kotlinx-coroutines-core-jvm:1.5.0) with InstrumentationAnalysisTransform
Transforming trove4j-1.0.20200330.jar (org.jetbrains.intellij.deps:trove4j:1.0.20200330) with ExternalDependencyInstrumentingArtifactTransform
Transforming kotlinx-coroutines-core-jvm-1.5.0.jar (org.jetbrains.kotlinx:kotlinx-coroutines-core-jvm:1.5.0) with MergeInstrumentationAnalysisTransform
Transforming kotlin-scripting-jvm-1.9.22.jar (org.jetbrains.kotlin:kotlin-scripting-jvm:1.9.22) with InstrumentationAnalysisTransform
Transforming kotlin-daemon-client-1.9.22.jar (org.jetbrains.kotlin:kotlin-daemon-client:1.9.22) with ExternalDependencyInstrumentingArtifactTransform
Transforming kotlin-scripting-jvm-1.9.22.jar (org.jetbrains.kotlin:kotlin-scripting-jvm:1.9.22) with MergeInstrumentationAnalysisTransform
Transforming kotlin-scripting-common-1.9.22.jar (org.jetbrains.kotlin:kotlin-scripting-common:1.9.22) with InstrumentationAnalysisTransform
Transforming kotlinx-coroutines-core-jvm-1.5.0.jar (org.jetbrains.kotlinx:kotlinx-coroutines-core-jvm:1.5.0) with ExternalDependencyInstrumentingArtifactTransform
Transforming kotlin-scripting-common-1.9.22.jar (org.jetbrains.kotlin:kotlin-scripting-common:1.9.22) with MergeInstrumentationAnalysisTransform
Transforming kotlin-scripting-jvm-1.9.22.jar (org.jetbrains.kotlin:kotlin-scripting-jvm:1.9.22) with ExternalDependencyInstrumentingArtifactTransform
Transforming dagger-2.28.3.jar (com.google.dagger:dagger:2.28.3) with InstrumentationAnalysisTransform
Transforming kotlin-scripting-common-1.9.22.jar (org.jetbrains.kotlin:kotlin-scripting-common:1.9.22) with ExternalDependencyInstrumentingArtifactTransform
Transforming dagger-2.28.3.jar (com.google.dagger:dagger:2.28.3) with MergeInstrumentationAnalysisTransform
Transforming javax.inject-1.jar (javax.inject:javax.inject:1) with InstrumentationAnalysisTransform
Transforming dagger-2.28.3.jar (com.google.dagger:dagger:2.28.3) with ExternalDependencyInstrumentingArtifactTransform
Transforming javax.inject-1.jar (javax.inject:javax.inject:1) with MergeInstrumentationAnalysisTransform
Transforming kxml2-2.3.0.jar (net.sf.kxml:kxml2:2.3.0) with InstrumentationAnalysisTransform
Transforming kxml2-2.3.0.jar (net.sf.kxml:kxml2:2.3.0) with MergeInstrumentationAnalysisTransform
Transforming javax.inject-1.jar (javax.inject:javax.inject:1) with ExternalDependencyInstrumentingArtifactTransform
Transforming bcprov-jdk15on-1.67.jar (org.bouncycastle:bcprov-jdk15on:1.67) with InstrumentationAnalysisTransform
Transforming bcprov-jdk15on-1.67.jar (org.bouncycastle:bcprov-jdk15on:1.67) with MergeInstrumentationAnalysisTransform
Transforming kxml2-2.3.0.jar (net.sf.kxml:kxml2:2.3.0) with ExternalDependencyInstrumentingArtifactTransform
Transforming xercesImpl-2.12.0.jar (xerces:xercesImpl:2.12.0) with InstrumentationAnalysisTransform
Transforming bcprov-jdk15on-1.67.jar (org.bouncycastle:bcprov-jdk15on:1.67) with ExternalDependencyInstrumentingArtifactTransform
Transforming xercesImpl-2.12.0.jar (xerces:xercesImpl:2.12.0) with MergeInstrumentationAnalysisTransform
Transforming commons-compress-1.21.jar (org.apache.commons:commons-compress:1.21) with InstrumentationAnalysisTransform
Transforming xercesImpl-2.12.0.jar (xerces:xercesImpl:2.12.0) with ExternalDependencyInstrumentingArtifactTransform
Transforming commons-compress-1.21.jar (org.apache.commons:commons-compress:1.21) with MergeInstrumentationAnalysisTransform
Transforming httpclient-4.5.14.jar (org.apache.httpcomponents:httpclient:4.5.14) with InstrumentationAnalysisTransform
Transforming httpclient-4.5.14.jar (org.apache.httpcomponents:httpclient:4.5.14) with MergeInstrumentationAnalysisTransform
Transforming httpcore-4.4.16.jar (org.apache.httpcomponents:httpcore:4.4.16) with InstrumentationAnalysisTransform
Transforming commons-compress-1.21.jar (org.apache.commons:commons-compress:1.21) with ExternalDependencyInstrumentingArtifactTransform
Transforming httpcore-4.4.16.jar (org.apache.httpcomponents:httpcore:4.4.16) with MergeInstrumentationAnalysisTransform
Transforming httpclient-4.5.14.jar (org.apache.httpcomponents:httpclient:4.5.14) with ExternalDependencyInstrumentingArtifactTransform
Transforming javax.activation-1.2.0.jar (com.sun.activation:javax.activation:1.2.0) with InstrumentationAnalysisTransform
Transforming httpcore-4.4.16.jar (org.apache.httpcomponents:httpcore:4.4.16) with ExternalDependencyInstrumentingArtifactTransform
Transforming javax.activation-1.2.0.jar (com.sun.activation:javax.activation:1.2.0) with MergeInstrumentationAnalysisTransform
Transforming signflinger-8.2.1.jar (com.android:signflinger:8.2.1) with InstrumentationAnalysisTransform
Transforming signflinger-8.2.1.jar (com.android:signflinger:8.2.1) with MergeInstrumentationAnalysisTransform
Transforming zipflinger-8.2.1.jar (com.android:zipflinger:8.2.1) with InstrumentationAnalysisTransform
Transforming zipflinger-8.2.1.jar (com.android:zipflinger:8.2.1) with MergeInstrumentationAnalysisTransform
Transforming annotations-31.2.1.jar (com.android.tools:annotations:31.2.1) with InstrumentationAnalysisTransform
Transforming signflinger-8.2.1.jar (com.android:signflinger:8.2.1) with ExternalDependencyInstrumentingArtifactTransform
Transforming javax.activation-1.2.0.jar (com.sun.activation:javax.activation:1.2.0) with ExternalDependencyInstrumentingArtifactTransform
Transforming annotations-31.2.1.jar (com.android.tools:annotations:31.2.1) with MergeInstrumentationAnalysisTransform
Transforming zipflinger-8.2.1.jar (com.android:zipflinger:8.2.1) with ExternalDependencyInstrumentingArtifactTransform
Transforming jna-platform-5.6.0.jar (net.java.dev.jna:jna-platform:5.6.0) with InstrumentationAnalysisTransform
Transforming jna-platform-5.6.0.jar (net.java.dev.jna:jna-platform:5.6.0) with MergeInstrumentationAnalysisTransform
Transforming juniversalchardet-1.0.3.jar (com.googlecode.juniversalchardet:juniversalchardet:1.0.3) with InstrumentationAnalysisTransform
Transforming juniversalchardet-1.0.3.jar (com.googlecode.juniversalchardet:juniversalchardet:1.0.3) with MergeInstrumentationAnalysisTransform
Transforming javax.annotation-api-1.3.2.jar (javax.annotation:javax.annotation-api:1.3.2) with InstrumentationAnalysisTransform
Transforming javax.annotation-api-1.3.2.jar (javax.annotation:javax.annotation-api:1.3.2) with MergeInstrumentationAnalysisTransform
Transforming annotations-31.2.1.jar (com.android.tools:annotations:31.2.1) with ExternalDependencyInstrumentingArtifactTransform
Transforming jna-platform-5.6.0.jar (net.java.dev.jna:jna-platform:5.6.0) with ExternalDependencyInstrumentingArtifactTransform
Transforming juniversalchardet-1.0.3.jar (com.googlecode.juniversalchardet:juniversalchardet:1.0.3) with ExternalDependencyInstrumentingArtifactTransform
Transforming stax-ex-1.8.1.jar (org.jvnet.staxex:stax-ex:1.8.1) with InstrumentationAnalysisTransform
Transforming javax.annotation-api-1.3.2.jar (javax.annotation:javax.annotation-api:1.3.2) with ExternalDependencyInstrumentingArtifactTransform
Transforming stax-ex-1.8.1.jar (org.jvnet.staxex:stax-ex:1.8.1) with MergeInstrumentationAnalysisTransform
Transforming jakarta.xml.bind-api-2.3.2.jar (jakarta.xml.bind:jakarta.xml.bind-api:2.3.2) with InstrumentationAnalysisTransform
Transforming jakarta.xml.bind-api-2.3.2.jar (jakarta.xml.bind:jakarta.xml.bind-api:2.3.2) with MergeInstrumentationAnalysisTransform
Transforming txw2-2.3.2.jar (org.glassfish.jaxb:txw2:2.3.2) with InstrumentationAnalysisTransform
Transforming txw2-2.3.2.jar (org.glassfish.jaxb:txw2:2.3.2) with MergeInstrumentationAnalysisTransform
Transforming istack-commons-runtime-3.0.8.jar (com.sun.istack:istack-commons-runtime:3.0.8) with InstrumentationAnalysisTransform
Transforming istack-commons-runtime-3.0.8.jar (com.sun.istack:istack-commons-runtime:3.0.8) with MergeInstrumentationAnalysisTransform
Transforming FastInfoset-1.2.16.jar (com.sun.xml.fastinfoset:FastInfoset:1.2.16) with InstrumentationAnalysisTransform
Transforming stax-ex-1.8.1.jar (org.jvnet.staxex:stax-ex:1.8.1) with ExternalDependencyInstrumentingArtifactTransform
Transforming jakarta.xml.bind-api-2.3.2.jar (jakarta.xml.bind:jakarta.xml.bind-api:2.3.2) with ExternalDependencyInstrumentingArtifactTransform
Transforming txw2-2.3.2.jar (org.glassfish.jaxb:txw2:2.3.2) with ExternalDependencyInstrumentingArtifactTransform
Transforming FastInfoset-1.2.16.jar (com.sun.xml.fastinfoset:FastInfoset:1.2.16) with MergeInstrumentationAnalysisTransform
Transforming istack-commons-runtime-3.0.8.jar (com.sun.istack:istack-commons-runtime:3.0.8) with ExternalDependencyInstrumentingArtifactTransform
Transforming jakarta.activation-api-1.2.1.jar (jakarta.activation:jakarta.activation-api:1.2.1) with InstrumentationAnalysisTransform
Transforming jakarta.activation-api-1.2.1.jar (jakarta.activation:jakarta.activation-api:1.2.1) with MergeInstrumentationAnalysisTransform
Transforming FastInfoset-1.2.16.jar (com.sun.xml.fastinfoset:FastInfoset:1.2.16) with ExternalDependencyInstrumentingArtifactTransform
Transforming auto-value-annotations-1.6.2.jar (com.google.auto.value:auto-value-annotations:1.6.2) with InstrumentationAnalysisTransform
Transforming jakarta.activation-api-1.2.1.jar (jakarta.activation:jakarta.activation-api:1.2.1) with ExternalDependencyInstrumentingArtifactTransform
Transforming auto-value-annotations-1.6.2.jar (com.google.auto.value:auto-value-annotations:1.6.2) with MergeInstrumentationAnalysisTransform
Transforming jose4j-0.7.0.jar (org.bitbucket.b_c:jose4j:0.7.0) with InstrumentationAnalysisTransform
Transforming auto-value-annotations-1.6.2.jar (com.google.auto.value:auto-value-annotations:1.6.2) with ExternalDependencyInstrumentingArtifactTransform
Transforming jose4j-0.7.0.jar (org.bitbucket.b_c:jose4j:0.7.0) with MergeInstrumentationAnalysisTransform
Transforming slf4j-api-1.7.30.jar (org.slf4j:slf4j-api:1.7.30) with InstrumentationAnalysisTransform
Transforming jose4j-0.7.0.jar (org.bitbucket.b_c:jose4j:0.7.0) with ExternalDependencyInstrumentingArtifactTransform
Transforming slf4j-api-1.7.30.jar (org.slf4j:slf4j-api:1.7.30) with MergeInstrumentationAnalysisTransform
Transforming jdom2-2.0.6.jar (org.jdom:jdom2:2.0.6) with InstrumentationAnalysisTransform
Transforming jdom2-2.0.6.jar (org.jdom:jdom2:2.0.6) with MergeInstrumentationAnalysisTransform
Transforming annotations-4.1.1.4.jar (com.google.android:annotations:4.1.1.4) with InstrumentationAnalysisTransform
Transforming slf4j-api-1.7.30.jar (org.slf4j:slf4j-api:1.7.30) with ExternalDependencyInstrumentingArtifactTransform
Transforming jdom2-2.0.6.jar (org.jdom:jdom2:2.0.6) with ExternalDependencyInstrumentingArtifactTransform
Transforming annotations-4.1.1.4.jar (com.google.android:annotations:4.1.1.4) with MergeInstrumentationAnalysisTransform
Transforming animal-sniffer-annotations-1.19.jar (org.codehaus.mojo:animal-sniffer-annotations:1.19) with InstrumentationAnalysisTransform
Transforming annotations-4.1.1.4.jar (com.google.android:annotations:4.1.1.4) with ExternalDependencyInstrumentingArtifactTransform
Transforming animal-sniffer-annotations-1.19.jar (org.codehaus.mojo:animal-sniffer-annotations:1.19) with MergeInstrumentationAnalysisTransform
Transforming perfmark-api-0.23.0.jar (io.perfmark:perfmark-api:0.23.0) with InstrumentationAnalysisTransform
Transforming animal-sniffer-annotations-1.19.jar (org.codehaus.mojo:animal-sniffer-annotations:1.19) with ExternalDependencyInstrumentingArtifactTransform
Transforming perfmark-api-0.23.0.jar (io.perfmark:perfmark-api:0.23.0) with MergeInstrumentationAnalysisTransform
Transforming netty-codec-http2-4.1.72.Final.jar (io.netty:netty-codec-http2:4.1.72.Final) with InstrumentationAnalysisTransform
Transforming perfmark-api-0.23.0.jar (io.perfmark:perfmark-api:0.23.0) with ExternalDependencyInstrumentingArtifactTransform
Transforming netty-codec-http2-4.1.72.Final.jar (io.netty:netty-codec-http2:4.1.72.Final) with MergeInstrumentationAnalysisTransform
Transforming netty-handler-proxy-4.1.72.Final.jar (io.netty:netty-handler-proxy:4.1.72.Final) with InstrumentationAnalysisTransform
Transforming netty-handler-proxy-4.1.72.Final.jar (io.netty:netty-handler-proxy:4.1.72.Final) with MergeInstrumentationAnalysisTransform
Transforming commons-codec-1.11.jar (commons-codec:commons-codec:1.11) with InstrumentationAnalysisTransform
Transforming netty-codec-http2-4.1.72.Final.jar (io.netty:netty-codec-http2:4.1.72.Final) with ExternalDependencyInstrumentingArtifactTransform
Transforming netty-handler-proxy-4.1.72.Final.jar (io.netty:netty-handler-proxy:4.1.72.Final) with ExternalDependencyInstrumentingArtifactTransform
Transforming commons-codec-1.11.jar (commons-codec:commons-codec:1.11) with MergeInstrumentationAnalysisTransform
Transforming apksig-8.2.1.jar (com.android.tools.build:apksig:8.2.1) with InstrumentationAnalysisTransform
Transforming apksig-8.2.1.jar (com.android.tools.build:apksig:8.2.1) with MergeInstrumentationAnalysisTransform
Transforming javawriter-2.5.0.jar (com.squareup:javawriter:2.5.0) with InstrumentationAnalysisTransform
Transforming javawriter-2.5.0.jar (com.squareup:javawriter:2.5.0) with MergeInstrumentationAnalysisTransform
Transforming xml-apis-1.4.01.jar (xml-apis:xml-apis:1.4.01) with InstrumentationAnalysisTransform
Transforming apksig-8.2.1.jar (com.android.tools.build:apksig:8.2.1) with ExternalDependencyInstrumentingArtifactTransform
Transforming xml-apis-1.4.01.jar (xml-apis:xml-apis:1.4.01) with MergeInstrumentationAnalysisTransform
Transforming commons-codec-1.11.jar (commons-codec:commons-codec:1.11) with ExternalDependencyInstrumentingArtifactTransform
Transforming commons-logging-1.2.jar (commons-logging:commons-logging:1.2) with InstrumentationAnalysisTransform
Transforming javawriter-2.5.0.jar (com.squareup:javawriter:2.5.0) with ExternalDependencyInstrumentingArtifactTransform
Transforming commons-logging-1.2.jar (commons-logging:commons-logging:1.2) with MergeInstrumentationAnalysisTransform
Transforming jna-5.6.0.jar (net.java.dev.jna:jna:5.6.0) with InstrumentationAnalysisTransform
Transforming xml-apis-1.4.01.jar (xml-apis:xml-apis:1.4.01) with ExternalDependencyInstrumentingArtifactTransform
Transforming commons-logging-1.2.jar (commons-logging:commons-logging:1.2) with ExternalDependencyInstrumentingArtifactTransform
Transforming jna-5.6.0.jar (net.java.dev.jna:jna:5.6.0) with MergeInstrumentationAnalysisTransform
Transforming grpc-context-1.45.1.jar (io.grpc:grpc-context:1.45.1) with InstrumentationAnalysisTransform
Transforming jna-5.6.0.jar (net.java.dev.jna:jna:5.6.0) with ExternalDependencyInstrumentingArtifactTransform
Transforming grpc-context-1.45.1.jar (io.grpc:grpc-context:1.45.1) with MergeInstrumentationAnalysisTransform
Transforming netty-codec-http-4.1.72.Final.jar (io.netty:netty-codec-http:4.1.72.Final) with InstrumentationAnalysisTransform
Transforming netty-codec-http-4.1.72.Final.jar (io.netty:netty-codec-http:4.1.72.Final) with MergeInstrumentationAnalysisTransform
Transforming netty-handler-4.1.72.Final.jar (io.netty:netty-handler:4.1.72.Final) with InstrumentationAnalysisTransform
Transforming netty-handler-4.1.72.Final.jar (io.netty:netty-handler:4.1.72.Final) with MergeInstrumentationAnalysisTransform
Transforming netty-codec-socks-4.1.72.Final.jar (io.netty:netty-codec-socks:4.1.72.Final) with InstrumentationAnalysisTransform
Transforming netty-codec-socks-4.1.72.Final.jar (io.netty:netty-codec-socks:4.1.72.Final) with MergeInstrumentationAnalysisTransform
Transforming grpc-context-1.45.1.jar (io.grpc:grpc-context:1.45.1) with ExternalDependencyInstrumentingArtifactTransform
Transforming netty-codec-http-4.1.72.Final.jar (io.netty:netty-codec-http:4.1.72.Final) with ExternalDependencyInstrumentingArtifactTransform
Transforming netty-handler-4.1.72.Final.jar (io.netty:netty-handler:4.1.72.Final) with ExternalDependencyInstrumentingArtifactTransform
Transforming netty-codec-4.1.72.Final.jar (io.netty:netty-codec:4.1.72.Final) with InstrumentationAnalysisTransform
Transforming netty-codec-socks-4.1.72.Final.jar (io.netty:netty-codec-socks:4.1.72.Final) with ExternalDependencyInstrumentingArtifactTransform
Transforming netty-codec-4.1.72.Final.jar (io.netty:netty-codec:4.1.72.Final) with MergeInstrumentationAnalysisTransform
Transforming netty-transport-4.1.72.Final.jar (io.netty:netty-transport:4.1.72.Final) with InstrumentationAnalysisTransform
Transforming netty-transport-4.1.72.Final.jar (io.netty:netty-transport:4.1.72.Final) with MergeInstrumentationAnalysisTransform
Transforming netty-buffer-4.1.72.Final.jar (io.netty:netty-buffer:4.1.72.Final) with InstrumentationAnalysisTransform
Transforming netty-buffer-4.1.72.Final.jar (io.netty:netty-buffer:4.1.72.Final) with MergeInstrumentationAnalysisTransform
Transforming netty-transport-4.1.72.Final.jar (io.netty:netty-transport:4.1.72.Final) with ExternalDependencyInstrumentingArtifactTransform
Transforming netty-codec-4.1.72.Final.jar (io.netty:netty-codec:4.1.72.Final) with ExternalDependencyInstrumentingArtifactTransform
Transforming netty-resolver-4.1.72.Final.jar (io.netty:netty-resolver:4.1.72.Final) with InstrumentationAnalysisTransform
Transforming netty-resolver-4.1.72.Final.jar (io.netty:netty-resolver:4.1.72.Final) with MergeInstrumentationAnalysisTransform
Transforming netty-buffer-4.1.72.Final.jar (io.netty:netty-buffer:4.1.72.Final) with ExternalDependencyInstrumentingArtifactTransform
Transforming netty-common-4.1.72.Final.jar (io.netty:netty-common:4.1.72.Final) with InstrumentationAnalysisTransform
Transforming netty-resolver-4.1.72.Final.jar (io.netty:netty-resolver:4.1.72.Final) with ExternalDependencyInstrumentingArtifactTransform
Transforming netty-common-4.1.72.Final.jar (io.netty:netty-common:4.1.72.Final) with MergeInstrumentationAnalysisTransform
Transforming netty-tcnative-classes-2.0.46.Final.jar (io.netty:netty-tcnative-classes:2.0.46.Final) with InstrumentationAnalysisTransform
Transforming netty-common-4.1.72.Final.jar (io.netty:netty-common:4.1.72.Final) with ExternalDependencyInstrumentingArtifactTransform
Transforming netty-tcnative-classes-2.0.46.Final.jar (io.netty:netty-tcnative-classes:2.0.46.Final) with MergeInstrumentationAnalysisTransform
Transforming netty-tcnative-classes-2.0.46.Final.jar (io.netty:netty-tcnative-classes:2.0.46.Final) with ExternalDependencyInstrumentingArtifactTransform

> Configure project :app
Evaluating project ':app' using build file 'D:\NutriScan\android\app\build.gradle'.
Using default execution profile
Using Kotlin Gradle Plugin gradle82 variant
Starting process 'command 'node''. Working directory: D:\NutriScan\android\app Command: node -e console.log(require('react-native/package.json').version);
Successfully started process 'command 'node''
Starting process 'command 'node''. Working directory: D:\NutriScan\android Command: node -e try {console.log(require('@react-native-community/cli').bin);} catch (e) {console.log(require('react-native/cli').bin);}
Successfully started process 'command 'node''
Starting process 'command 'node''. Working directory: D:\NutriScan\android Command: node D:\NutriScan\node_modules\@react-native-community\cli\build\bin.js config
Successfully started process 'command 'node''
:ReactNative:Automatically adding native module '@react-native-async-storage/async-storage'
:ReactNative:Automatically adding native module '@react-native-picker/picker'
:ReactNative:Automatically adding native module 'expo'
:ReactNative:Automatically adding native module 'react-native-safe-area-context'
:ReactNative:Automatically adding native module 'react-native-screens'
 ??  [33mApplying gradle plugin[0m '[32mexpo-dev-launcher-gradle-plugin[0m' (expo-dev-launcher@4.0.29)

> Configure project :expo-asset
Evaluating project ':expo-asset' using build file 'D:\NutriScan\node_modules\expo-asset\android\build.gradle'.
Using default execution profile
Using Kotlin Gradle Plugin gradle82 variant

> Configure project :expo-camera
Evaluating project ':expo-camera' using build file 'D:\NutriScan\node_modules\expo-camera\android\build.gradle'.
Using default execution profile
Using Kotlin Gradle Plugin gradle82 variant

> Configure project :expo-constants
Evaluating project ':expo-constants' using build file 'D:\NutriScan\node_modules\expo-constants\android\build.gradle'.
Using default execution profile
Starting process 'command 'node''. Working directory: D:\NutriScan\node_modules\expo-constants\android Command: node -e console.log(require('path').dirname(require.resolve('expo-constants/package.json')));
Successfully started process 'command 'node''
Using Kotlin Gradle Plugin gradle82 variant

> Configure project :expo-dev-client
Evaluating project ':expo-dev-client' using build file 'D:\NutriScan\node_modules\expo-dev-client\android\build.gradle'.
Using default execution profile
Using Kotlin Gradle Plugin gradle82 variant

> Configure project :expo-dev-launcher
Evaluating project ':expo-dev-launcher' using build file 'D:\NutriScan\node_modules\expo-dev-launcher\android\build.gradle'.
Using default execution profile
Using Kotlin Gradle Plugin gradle82 variant
Starting process 'command 'node''. Working directory: D:\NutriScan\node_modules\expo-dev-launcher\android Command: node -e console.log(require('react-native/package.json').version);
Successfully started process 'command 'node''
Starting process 'command 'node''. Working directory: D:\NutriScan\node_modules\expo-dev-launcher\android Command: node -e console.log(require('react-native/package.json').version);
Successfully started process 'command 'node''

> Configure project :expo-dev-menu
Evaluating project ':expo-dev-menu' using build file 'D:\NutriScan\node_modules\expo-dev-menu\android\build.gradle'.
Using default execution profile
Using Kotlin Gradle Plugin gradle82 variant
Starting process 'command 'node''. Working directory: D:\NutriScan\node_modules\expo-dev-menu\android Command: node -e console.log(require('react-native/package.json').version);
Successfully started process 'command 'node''
Starting process 'command 'node''. Working directory: D:\NutriScan\node_modules\expo-dev-menu\android Command: node -e console.log(require('react-native/package.json').version);
Successfully started process 'command 'node''

> Configure project :expo-dev-menu-interface
Evaluating project ':expo-dev-menu-interface' using build file 'D:\NutriScan\node_modules\expo-dev-menu-interface\android\build.gradle'.
Using default execution profile
Using Kotlin Gradle Plugin gradle82 variant

> Configure project :expo-file-system
Evaluating project ':expo-file-system' using build file 'D:\NutriScan\node_modules\expo-file-system\android\build.gradle'.
Using default execution profile
Using Kotlin Gradle Plugin gradle82 variant

> Configure project :expo-font
Evaluating project ':expo-font' using build file 'D:\NutriScan\node_modules\expo-font\android\build.gradle'.
Using default execution profile
Using Kotlin Gradle Plugin gradle82 variant

> Configure project :expo-image-loader
Evaluating project ':expo-image-loader' using build file 'D:\NutriScan\node_modules\expo-image-loader\android\build.gradle'.
Using default execution profile
Using Kotlin Gradle Plugin gradle82 variant

> Configure project :expo-image-picker
Evaluating project ':expo-image-picker' using build file 'D:\NutriScan\node_modules\expo-image-picker\android\build.gradle'.
Using default execution profile
Using Kotlin Gradle Plugin gradle82 variant

> Configure project :expo-json-utils
Evaluating project ':expo-json-utils' using build file 'D:\NutriScan\node_modules\expo-json-utils\android\build.gradle'.
Using default execution profile
Using Kotlin Gradle Plugin gradle82 variant

> Configure project :expo-keep-awake
Evaluating project ':expo-keep-awake' using build file 'D:\NutriScan\node_modules\expo-keep-awake\android\build.gradle'.
Using default execution profile
Using Kotlin Gradle Plugin gradle82 variant

> Configure project :expo-linear-gradient
Evaluating project ':expo-linear-gradient' using build file 'D:\NutriScan\node_modules\expo-linear-gradient\android\build.gradle'.
Using default execution profile
Using Kotlin Gradle Plugin gradle82 variant

> Configure project :expo-manifests
Evaluating project ':expo-manifests' using build file 'D:\NutriScan\node_modules\expo-manifests\android\build.gradle'.
Using default execution profile
Using Kotlin Gradle Plugin gradle82 variant

> Configure project :expo-media-library
Evaluating project ':expo-media-library' using build file 'D:\NutriScan\node_modules\expo-media-library\android\build.gradle'.
Using default execution profile
Using Kotlin Gradle Plugin gradle82 variant

> Configure project :expo-modules-core
Evaluating project ':expo-modules-core' using build file 'D:\NutriScan\node_modules\expo-modules-core\android\build.gradle'.
Using default execution profile
Using Kotlin Gradle Plugin gradle82 variant
Starting process 'command 'node''. Working directory: D:\NutriScan\android Command: node --print require.resolve('react-native/package.json')
Successfully started process 'command 'node''

> Configure project :expo
Evaluating project ':expo' using build file 'D:\NutriScan\node_modules\expo\android\build.gradle'.
Using default execution profile
Starting process 'command 'node''. Working directory: D:\NutriScan\android Command: node --print require.resolve('expo-modules-autolinking/package.json', { paths: [require.resolve('expo/package.json')] })
Successfully started process 'command 'node''
Using Kotlin Gradle Plugin gradle82 variant
Could not execute [report metric STATISTICS_COLLECT_METRICS_OVERHEAD]
Could not execute [report metric STATISTICS_COLLECT_METRICS_OVERHEAD]
Could not execute [report metric STATISTICS_COLLECT_METRICS_OVERHEAD]
Could not execute [report metric STATISTICS_COLLECT_METRICS_OVERHEAD]

FAILURE: Build completed with 2 failures.

1: Task failed with an exception.
-----------
* Where:
Script 'D:\NutriScan\node_modules\expo-modules-autolinking\scripts\android\autolinking_implementation.gradle' line: 408

* What went wrong:
A problem occurred evaluating project ':expo'.
> A problem occurred configuring project ':expo-modules-core'.
   > SDK location not found. Define a valid SDK location with an ANDROID_HOME environment variable or by setting the sdk.dir path in your project's local properties file at 'D:\NutriScan\android\local.properties'.

* Try:
> Run with --debug option to get more log output.
> Run with --scan to get full insights.
> Get more help at https://help.gradle.org.

* Exception is:
org.gradle.api.GradleScriptException: A problem occurred evaluating project ':expo'.
	at org.gradle.groovy.scripts.internal.DefaultScriptRunnerFactory$ScriptRunnerImpl.run(DefaultScriptRunnerFactory.java:93)
	at org.gradle.configuration.DefaultScriptPluginFactory$ScriptPluginImpl.lambda$apply$0(DefaultScriptPluginFactory.java:137)
	at org.gradle.configuration.ProjectScriptTarget.addConfiguration(ProjectScriptTarget.java:79)
	at org.gradle.configuration.DefaultScriptPluginFactory$ScriptPluginImpl.apply(DefaultScriptPluginFactory.java:140)
	at org.gradle.configuration.BuildOperationScriptPlugin$1.run(BuildOperationScriptPlugin.java:68)
	at org.gradle.internal.operations.DefaultBuildOperationRunner$1.execute(DefaultBuildOperationRunner.java:29)
	at org.gradle.internal.operations.DefaultBuildOperationRunner$1.execute(DefaultBuildOperationRunner.java:26)
	at org.gradle.internal.operations.DefaultBuildOperationRunner$2.execute(DefaultBuildOperationRunner.java:66)
	at org.gradle.internal.operations.DefaultBuildOperationRunner$2.execute(DefaultBuildOperationRunner.java:59)
	at org.gradle.internal.operations.DefaultBuildOperationRunner.execute(DefaultBuildOperationRunner.java:166)
	at org.gradle.internal.operations.DefaultBuildOperationRunner.execute(DefaultBuildOperationRunner.java:59)
	at org.gradle.internal.operations.DefaultBuildOperationRunner.run(DefaultBuildOperationRunner.java:47)
	at org.gradle.configuration.BuildOperationScriptPlugin.lambda$apply$0(BuildOperationScriptPlugin.java:65)
	at org.gradle.internal.code.DefaultUserCodeApplicationContext.apply(DefaultUserCodeApplicationContext.java:43)
	at org.gradle.configuration.BuildOperationScriptPlugin.apply(BuildOperationScriptPlugin.java:65)
	at org.gradle.api.internal.project.DefaultProjectStateRegistry$ProjectStateImpl.lambda$applyToMutableState$1(DefaultProjectStateRegistry.java:407)
	at org.gradle.api.internal.project.DefaultProjectStateRegistry$ProjectStateImpl.fromMutableState(DefaultProjectStateRegistry.java:425)
	at org.gradle.api.internal.project.DefaultProjectStateRegistry$ProjectStateImpl.applyToMutableState(DefaultProjectStateRegistry.java:406)
	at org.gradle.configuration.project.BuildScriptProcessor.execute(BuildScriptProcessor.java:46)
	at org.gradle.configuration.project.BuildScriptProcessor.execute(BuildScriptProcessor.java:27)
	at org.gradle.configuration.project.ConfigureActionsProjectEvaluator.evaluate(ConfigureActionsProjectEvaluator.java:35)
	at org.gradle.configuration.project.LifecycleProjectEvaluator$EvaluateProject.lambda$run$0(LifecycleProjectEvaluator.java:109)
	at org.gradle.api.internal.project.DefaultProjectStateRegistry$ProjectStateImpl.lambda$applyToMutableState$1(DefaultProjectStateRegistry.java:407)
	at org.gradle.api.internal.project.DefaultProjectStateRegistry$ProjectStateImpl.lambda$fromMutableState$2(DefaultProjectStateRegistry.java:430)
	at org.gradle.internal.work.DefaultWorkerLeaseService.withReplacedLocks(DefaultWorkerLeaseService.java:360)
	at org.gradle.api.internal.project.DefaultProjectStateRegistry$ProjectStateImpl.fromMutableState(DefaultProjectStateRegistry.java:430)
	at org.gradle.api.internal.project.DefaultProjectStateRegistry$ProjectStateImpl.applyToMutableState(DefaultProjectStateRegistry.java:406)
	at org.gradle.configuration.project.LifecycleProjectEvaluator$EvaluateProject.run(LifecycleProjectEvaluator.java:100)
	at org.gradle.internal.operations.DefaultBuildOperationRunner$1.execute(DefaultBuildOperationRunner.java:29)
	at org.gradle.internal.operations.DefaultBuildOperationRunner$1.execute(DefaultBuildOperationRunner.java:26)
	at org.gradle.internal.operations.DefaultBuildOperationRunner$2.execute(DefaultBuildOperationRunner.java:66)
	at org.gradle.internal.operations.DefaultBuildOperationRunner$2.execute(DefaultBuildOperationRunner.java:59)
	at org.gradle.internal.operations.DefaultBuildOperationRunner.execute(DefaultBuildOperationRunner.java:166)
	at org.gradle.internal.operations.DefaultBuildOperationRunner.execute(DefaultBuildOperationRunner.java:59)
	at org.gradle.internal.operations.DefaultBuildOperationRunner.run(DefaultBuildOperationRunner.java:47)
	at org.gradle.configuration.project.LifecycleProjectEvaluator.evaluate(LifecycleProjectEvaluator.java:72)
	at org.gradle.api.internal.project.DefaultProject.evaluate(DefaultProject.java:785)
	at org.gradle.api.internal.project.DefaultProject.evaluate(DefaultProject.java:155)
	at org.gradle.api.internal.project.ProjectLifecycleController.lambda$ensureSelfConfigured$2(ProjectLifecycleController.java:84)
	at org.gradle.internal.model.StateTransitionController.lambda$doTransition$14(StateTransitionController.java:255)
	at org.gradle.internal.model.StateTransitionController.doTransition(StateTransitionController.java:266)
	at org.gradle.internal.model.StateTransitionController.doTransition(StateTransitionController.java:254)
	at org.gradle.internal.model.StateTransitionController.lambda$maybeTransitionIfNotCurrentlyTransitioning$10(StateTransitionController.java:199)
	at org.gradle.internal.work.DefaultSynchronizer.withLock(DefaultSynchronizer.java:34)
	at org.gradle.internal.model.StateTransitionController.maybeTransitionIfNotCurrentlyTransitioning(StateTransitionController.java:195)
	at org.gradle.api.internal.project.ProjectLifecycleController.ensureSelfConfigured(ProjectLifecycleController.java:84)
	at org.gradle.api.internal.project.DefaultProjectStateRegistry$ProjectStateImpl.ensureConfigured(DefaultProjectStateRegistry.java:381)
	at org.gradle.execution.TaskPathProjectEvaluator.configure(TaskPathProjectEvaluator.java:34)
	at org.gradle.execution.TaskPathProjectEvaluator.configureHierarchy(TaskPathProjectEvaluator.java:50)
	at org.gradle.configuration.DefaultProjectsPreparer.prepareProjects(DefaultProjectsPreparer.java:42)
	at org.gradle.configuration.BuildTreePreparingProjectsPreparer.prepareProjects(BuildTreePreparingProjectsPreparer.java:65)
	at org.gradle.configuration.BuildOperationFiringProjectsPreparer$ConfigureBuild.run(BuildOperationFiringProjectsPreparer.java:52)
	at org.gradle.internal.operations.DefaultBuildOperationRunner$1.execute(DefaultBuildOperationRunner.java:29)
	at org.gradle.internal.operations.DefaultBuildOperationRunner$1.execute(DefaultBuildOperationRunner.java:26)
	at org.gradle.internal.operations.DefaultBuildOperationRunner$2.execute(DefaultBuildOperationRunner.java:66)
	at org.gradle.internal.operations.DefaultBuildOperationRunner$2.execute(DefaultBuildOperationRunner.java:59)
	at org.gradle.internal.operations.DefaultBuildOperationRunner.execute(DefaultBuildOperationRunner.java:166)
	at org.gradle.internal.operations.DefaultBuildOperationRunner.execute(DefaultBuildOperationRunner.java:59)
	at org.gradle.internal.operations.DefaultBuildOperationRunner.run(DefaultBuildOperationRunner.java:47)
	at org.gradle.configuration.BuildOperationFiringProjectsPreparer.prepareProjects(BuildOperationFiringProjectsPreparer.java:40)
	at org.gradle.initialization.VintageBuildModelController.lambda$prepareProjects$2(VintageBuildModelController.java:84)
	at org.gradle.internal.model.StateTransitionController.lambda$doTransition$14(StateTransitionController.java:255)
	at org.gradle.internal.model.StateTransitionController.doTransition(StateTransitionController.java:266)
	at org.gradle.internal.model.StateTransitionController.doTransition(StateTransitionController.java:254)
	at org.gradle.internal.model.StateTransitionController.lambda$transitionIfNotPreviously$11(StateTransitionController.java:213)
	at org.gradle.internal.work.DefaultSynchronizer.withLock(DefaultSynchronizer.java:34)
	at org.gradle.internal.model.StateTransitionController.transitionIfNotPreviously(StateTransitionController.java:209)
	at org.gradle.initialization.VintageBuildModelController.prepareProjects(VintageBuildModelController.java:84)
	at org.gradle.initialization.VintageBuildModelController.prepareToScheduleTasks(VintageBuildModelController.java:71)
	at org.gradle.internal.build.DefaultBuildLifecycleController.lambda$prepareToScheduleTasks$6(DefaultBuildLifecycleController.java:175)
	at org.gradle.internal.model.StateTransitionController.lambda$doTransition$14(StateTransitionController.java:255)
	at org.gradle.internal.model.StateTransitionController.doTransition(StateTransitionController.java:266)
	at org.gradle.internal.model.StateTransitionController.doTransition(StateTransitionController.java:254)
	at org.gradle.internal.model.StateTransitionController.lambda$maybeTransition$9(StateTransitionController.java:190)
	at org.gradle.internal.work.DefaultSynchronizer.withLock(DefaultSynchronizer.java:34)
	at org.gradle.internal.model.StateTransitionController.maybeTransition(StateTransitionController.java:186)
	at org.gradle.internal.build.DefaultBuildLifecycleController.prepareToScheduleTasks(DefaultBuildLifecycleController.java:173)
	at org.gradle.internal.buildtree.DefaultBuildTreeWorkPreparer.scheduleRequestedTasks(DefaultBuildTreeWorkPreparer.java:36)
	at org.gradle.configurationcache.VintageBuildTreeWorkController$scheduleAndRunRequestedTasks$1.apply(VintageBuildTreeWorkController.kt:36)
	at org.gradle.configurationcache.VintageBuildTreeWorkController$scheduleAndRunRequestedTasks$1.apply(VintageBuildTreeWorkController.kt:35)
	at org.gradle.composite.internal.DefaultIncludedBuildTaskGraph.withNewWorkGraph(DefaultIncludedBuildTaskGraph.java:112)
	at org.gradle.configurationcache.VintageBuildTreeWorkController.scheduleAndRunRequestedTasks(VintageBuildTreeWorkController.kt:35)
	at org.gradle.internal.buildtree.DefaultBuildTreeLifecycleController.lambda$scheduleAndRunTasks$1(DefaultBuildTreeLifecycleController.java:77)
	at org.gradle.internal.buildtree.DefaultBuildTreeLifecycleController.lambda$runBuild$4(DefaultBuildTreeLifecycleController.java:120)
	at org.gradle.internal.model.StateTransitionController.lambda$transition$6(StateTransitionController.java:169)
	at org.gradle.internal.model.StateTransitionController.doTransition(StateTransitionController.java:266)
	at org.gradle.internal.model.StateTransitionController.lambda$transition$7(StateTransitionController.java:169)
	at org.gradle.internal.work.DefaultSynchronizer.withLock(DefaultSynchronizer.java:44)
	at org.gradle.internal.model.StateTransitionController.transition(StateTransitionController.java:169)
	at org.gradle.internal.buildtree.DefaultBuildTreeLifecycleController.runBuild(DefaultBuildTreeLifecycleController.java:117)
	at org.gradle.internal.buildtree.DefaultBuildTreeLifecycleController.scheduleAndRunTasks(DefaultBuildTreeLifecycleController.java:77)
	at org.gradle.internal.buildtree.DefaultBuildTreeLifecycleController.scheduleAndRunTasks(DefaultBuildTreeLifecycleController.java:72)
	at org.gradle.tooling.internal.provider.ExecuteBuildActionRunner.run(ExecuteBuildActionRunner.java:31)
	at org.gradle.launcher.exec.ChainingBuildActionRunner.run(ChainingBuildActionRunner.java:35)
	at org.gradle.internal.buildtree.ProblemReportingBuildActionRunner.run(ProblemReportingBuildActionRunner.java:49)
	at org.gradle.launcher.exec.BuildOutcomeReportingBuildActionRunner.run(BuildOutcomeReportingBuildActionRunner.java:65)
	at org.gradle.tooling.internal.provider.FileSystemWatchingBuildActionRunner.run(FileSystemWatchingBuildActionRunner.java:140)
	at org.gradle.launcher.exec.BuildCompletionNotifyingBuildActionRunner.run(BuildCompletionNotifyingBuildActionRunner.java:41)
	at org.gradle.launcher.exec.RootBuildLifecycleBuildActionExecutor.lambda$execute$0(RootBuildLifecycleBuildActionExecutor.java:40)
	at org.gradle.composite.internal.DefaultRootBuildState.run(DefaultRootBuildState.java:123)
	at org.gradle.launcher.exec.RootBuildLifecycleBuildActionExecutor.execute(RootBuildLifecycleBuildActionExecutor.java:40)
	at org.gradle.internal.buildtree.InitDeprecationLoggingActionExecutor.execute(InitDeprecationLoggingActionExecutor.java:66)
	at org.gradle.internal.buildtree.InitProblems.execute(InitProblems.java:36)
	at org.gradle.internal.buildtree.DefaultBuildTreeContext.execute(DefaultBuildTreeContext.java:40)
	at org.gradle.launcher.exec.BuildTreeLifecycleBuildActionExecutor.lambda$execute$0(BuildTreeLifecycleBuildActionExecutor.java:71)
	at org.gradle.internal.buildtree.BuildTreeState.run(BuildTreeState.java:60)
	at org.gradle.launcher.exec.BuildTreeLifecycleBuildActionExecutor.execute(BuildTreeLifecycleBuildActionExecutor.java:71)
	at org.gradle.launcher.exec.RunAsBuildOperationBuildActionExecutor$3.call(RunAsBuildOperationBuildActionExecutor.java:61)
	at org.gradle.launcher.exec.RunAsBuildOperationBuildActionExecutor$3.call(RunAsBuildOperationBuildActionExecutor.java:57)
	at org.gradle.internal.operations.DefaultBuildOperationRunner$CallableBuildOperationWorker.execute(DefaultBuildOperationRunner.java:209)
	at org.gradle.internal.operations.DefaultBuildOperationRunner$CallableBuildOperationWorker.execute(DefaultBuildOperationRunner.java:204)
	at org.gradle.internal.operations.DefaultBuildOperationRunner$2.execute(DefaultBuildOperationRunner.java:66)
	at org.gradle.internal.operations.DefaultBuildOperationRunner$2.execute(DefaultBuildOperationRunner.java:59)
	at org.gradle.internal.operations.DefaultBuildOperationRunner.execute(DefaultBuildOperationRunner.java:166)
	at org.gradle.internal.operations.DefaultBuildOperationRunner.execute(DefaultBuildOperationRunner.java:59)
	at org.gradle.internal.operations.DefaultBuildOperationRunner.call(DefaultBuildOperationRunner.java:53)
	at org.gradle.launcher.exec.RunAsBuildOperationBuildActionExecutor.execute(RunAsBuildOperationBuildActionExecutor.java:57)
	at org.gradle.launcher.exec.RunAsWorkerThreadBuildActionExecutor.lambda$execute$0(RunAsWorkerThreadBuildActionExecutor.java:36)
	at org.gradle.internal.work.DefaultWorkerLeaseService.withLocks(DefaultWorkerLeaseService.java:264)
	at org.gradle.internal.work.DefaultWorkerLeaseService.runAsWorkerThread(DefaultWorkerLeaseService.java:128)
	at org.gradle.launcher.exec.RunAsWorkerThreadBuildActionExecutor.execute(RunAsWorkerThreadBuildActionExecutor.java:36)
	at org.gradle.tooling.internal.provider.continuous.ContinuousBuildActionExecutor.execute(ContinuousBuildActionExecutor.java:110)
	at org.gradle.tooling.internal.provider.SubscribableBuildActionExecutor.execute(SubscribableBuildActionExecutor.java:64)
	at org.gradle.internal.session.DefaultBuildSessionContext.execute(DefaultBuildSessionContext.java:46)
	at org.gradle.tooling.internal.provider.BuildSessionLifecycleBuildActionExecuter$ActionImpl.apply(BuildSessionLifecycleBuildActionExecuter.java:92)
	at org.gradle.tooling.internal.provider.BuildSessionLifecycleBuildActionExecuter$ActionImpl.apply(BuildSessionLifecycleBuildActionExecuter.java:80)
	at org.gradle.internal.session.BuildSessionState.run(BuildSessionState.java:71)
	at org.gradle.tooling.internal.provider.BuildSessionLifecycleBuildActionExecuter.execute(BuildSessionLifecycleBuildActionExecuter.java:62)
	at org.gradle.tooling.internal.provider.BuildSessionLifecycleBuildActionExecuter.execute(BuildSessionLifecycleBuildActionExecuter.java:41)
	at org.gradle.tooling.internal.provider.StartParamsValidatingActionExecuter.execute(StartParamsValidatingActionExecuter.java:64)
	at org.gradle.tooling.internal.provider.StartParamsValidatingActionExecuter.execute(StartParamsValidatingActionExecuter.java:32)
	at org.gradle.tooling.internal.provider.SessionFailureReportingActionExecuter.execute(SessionFailureReportingActionExecuter.java:51)
	at org.gradle.tooling.internal.provider.SessionFailureReportingActionExecuter.execute(SessionFailureReportingActionExecuter.java:39)
	at org.gradle.tooling.internal.provider.SetupLoggingActionExecuter.execute(SetupLoggingActionExecuter.java:47)
	at org.gradle.tooling.internal.provider.SetupLoggingActionExecuter.execute(SetupLoggingActionExecuter.java:31)
	at org.gradle.launcher.daemon.server.exec.ExecuteBuild.doBuild(ExecuteBuild.java:65)
	at org.gradle.launcher.daemon.server.exec.BuildCommandOnly.execute(BuildCommandOnly.java:37)
	at org.gradle.launcher.daemon.server.api.DaemonCommandExecution.proceed(DaemonCommandExecution.java:104)
	at org.gradle.launcher.daemon.server.exec.WatchForDisconnection.execute(WatchForDisconnection.java:39)
	at org.gradle.launcher.daemon.server.api.DaemonCommandExecution.proceed(DaemonCommandExecution.java:104)
	at org.gradle.launcher.daemon.server.exec.ResetDeprecationLogger.execute(ResetDeprecationLogger.java:29)
	at org.gradle.launcher.daemon.server.api.DaemonCommandExecution.proceed(DaemonCommandExecution.java:104)
	at org.gradle.launcher.daemon.server.exec.RequestStopIfSingleUsedDaemon.execute(RequestStopIfSingleUsedDaemon.java:35)
	at org.gradle.launcher.daemon.server.api.DaemonCommandExecution.proceed(DaemonCommandExecution.java:104)
	at org.gradle.launcher.daemon.server.exec.ForwardClientInput.lambda$execute$0(ForwardClientInput.java:39)
	at org.gradle.launcher.daemon.server.clientinput.ClientInputForwarder.forwardInput(ClientInputForwarder.java:88)
	at org.gradle.launcher.daemon.server.exec.ForwardClientInput.execute(ForwardClientInput.java:36)
	at org.gradle.launcher.daemon.server.api.DaemonCommandExecution.proceed(DaemonCommandExecution.java:104)
	at org.gradle.launcher.daemon.server.exec.LogAndCheckHealth.execute(LogAndCheckHealth.java:64)
	at org.gradle.launcher.daemon.server.api.DaemonCommandExecution.proceed(DaemonCommandExecution.java:104)
	at org.gradle.launcher.daemon.server.exec.LogToClient.doBuild(LogToClient.java:63)
	at org.gradle.launcher.daemon.server.exec.BuildCommandOnly.execute(BuildCommandOnly.java:37)
	at org.gradle.launcher.daemon.server.api.DaemonCommandExecution.proceed(DaemonCommandExecution.java:104)
	at org.gradle.launcher.daemon.server.exec.EstablishBuildEnvironment.doBuild(EstablishBuildEnvironment.java:84)
	at org.gradle.launcher.daemon.server.exec.BuildCommandOnly.execute(BuildCommandOnly.java:37)
	at org.gradle.launcher.daemon.server.api.DaemonCommandExecution.proceed(DaemonCommandExecution.java:104)
	at org.gradle.launcher.daemon.server.exec.StartBuildOrRespondWithBusy$1.run(StartBuildOrRespondWithBusy.java:52)
	at org.gradle.launcher.daemon.server.DaemonStateCoordinator$1.run(DaemonStateCoordinator.java:297)
	at org.gradle.internal.concurrent.ExecutorPolicy$CatchAndRecordFailures.onExecute(ExecutorPolicy.java:64)
	at org.gradle.internal.concurrent.AbstractManagedExecutor$1.run(AbstractManagedExecutor.java:47)
Caused by: org.gradle.api.ProjectConfigurationException: A problem occurred configuring project ':expo-modules-core'.
	at org.gradle.configuration.project.LifecycleProjectEvaluator.wrapException(LifecycleProjectEvaluator.java:84)
	at org.gradle.configuration.project.LifecycleProjectEvaluator.addConfigurationFailure(LifecycleProjectEvaluator.java:77)
	at org.gradle.configuration.project.LifecycleProjectEvaluator.access$500(LifecycleProjectEvaluator.java:55)
	at org.gradle.configuration.project.LifecycleProjectEvaluator$NotifyAfterEvaluate.run(LifecycleProjectEvaluator.java:255)
	at org.gradle.internal.operations.DefaultBuildOperationRunner$1.execute(DefaultBuildOperationRunner.java:29)
	at org.gradle.internal.operations.DefaultBuildOperationRunner$1.execute(DefaultBuildOperationRunner.java:26)
	at org.gradle.internal.operations.DefaultBuildOperationRunner$2.execute(DefaultBuildOperationRunner.java:66)
	at org.gradle.internal.operations.DefaultBuildOperationRunner$2.execute(DefaultBuildOperationRunner.java:59)
	at org.gradle.internal.operations.DefaultBuildOperationRunner.execute(DefaultBuildOperationRunner.java:166)
	at org.gradle.internal.operations.DefaultBuildOperationRunner.execute(DefaultBuildOperationRunner.java:59)
	at org.gradle.internal.operations.DefaultBuildOperationRunner.run(DefaultBuildOperationRunner.java:47)
	at org.gradle.configuration.project.LifecycleProjectEvaluator$EvaluateProject.lambda$run$0(LifecycleProjectEvaluator.java:114)
	at org.gradle.api.internal.project.DefaultProjectStateRegistry$ProjectStateImpl.lambda$applyToMutableState$1(DefaultProjectStateRegistry.java:407)
	at org.gradle.api.internal.project.DefaultProjectStateRegistry$ProjectStateImpl.fromMutableState(DefaultProjectStateRegistry.java:425)
	at org.gradle.api.internal.project.DefaultProjectStateRegistry$ProjectStateImpl.applyToMutableState(DefaultProjectStateRegistry.java:406)
	at org.gradle.configuration.project.LifecycleProjectEvaluator$EvaluateProject.run(LifecycleProjectEvaluator.java:100)
	at org.gradle.internal.operations.DefaultBuildOperationRunner$1.execute(DefaultBuildOperationRunner.java:29)
	at org.gradle.internal.operations.DefaultBuildOperationRunner$1.execute(DefaultBuildOperationRunner.java:26)
	at org.gradle.internal.operations.DefaultBuildOperationRunner$2.execute(DefaultBuildOperationRunner.java:66)
	at org.gradle.internal.operations.DefaultBuildOperationRunner$2.execute(DefaultBuildOperationRunner.java:59)
	at org.gradle.internal.operations.DefaultBuildOperationRunner.execute(DefaultBuildOperationRunner.java:166)
	at org.gradle.internal.operations.DefaultBuildOperationRunner.execute(DefaultBuildOperationRunner.java:59)
	at org.gradle.internal.operations.DefaultBuildOperationRunner.run(DefaultBuildOperationRunner.java:47)
	at org.gradle.configuration.project.LifecycleProjectEvaluator.evaluate(LifecycleProjectEvaluator.java:72)
	at org.gradle.api.internal.project.DefaultProject.evaluate(DefaultProject.java:785)
	at org.gradle.api.internal.project.DefaultProject.evaluate(DefaultProject.java:155)
	at org.gradle.api.internal.project.ProjectLifecycleController.lambda$ensureSelfConfigured$2(ProjectLifecycleController.java:84)
	at org.gradle.internal.model.StateTransitionController.lambda$doTransition$14(StateTransitionController.java:255)
	at org.gradle.internal.model.StateTransitionController.doTransition(StateTransitionController.java:266)
	at org.gradle.internal.model.StateTransitionController.doTransition(StateTransitionController.java:254)
	at org.gradle.internal.model.StateTransitionController.lambda$maybeTransitionIfNotCurrentlyTransitioning$10(StateTransitionController.java:199)
	at org.gradle.internal.work.DefaultSynchronizer.withLock(DefaultSynchronizer.java:34)
	at org.gradle.internal.model.StateTransitionController.maybeTransitionIfNotCurrentlyTransitioning(StateTransitionController.java:195)
	at org.gradle.api.internal.project.ProjectLifecycleController.ensureSelfConfigured(ProjectLifecycleController.java:84)
	at org.gradle.api.internal.project.DefaultProjectStateRegistry$ProjectStateImpl.ensureConfigured(DefaultProjectStateRegistry.java:381)
	at org.gradle.api.internal.project.DefaultProject.evaluationDependsOn(DefaultProject.java:863)
	at org.gradle.api.internal.project.DefaultProject.evaluationDependsOn(DefaultProject.java:855)
	at java.base/jdk.internal.reflect.DirectMethodHandleAccessor.invoke(Unknown Source)
	at autolinking_implementation_bafjfh2gx7derklsezonfd9fh$_run_closure8.doCall$original(D:\NutriScan\node_modules\expo-modules-autolinking\scripts\android\autolinking_implementation.gradle:408)
	at autolinking_implementation_bafjfh2gx7derklsezonfd9fh$_run_closure8.doCall(D:\NutriScan\node_modules\expo-modules-autolinking\scripts\android\autolinking_implementation.gradle)
	at java.base/jdk.internal.reflect.DirectMethodHandleAccessor.invoke(Unknown Source)
	at org.gradle.internal.metaobject.BeanDynamicObject$MetaClassAdapter.invokeMethod(BeanDynamicObject.java:541)
	at org.gradle.internal.metaobject.BeanDynamicObject.tryInvokeMethod(BeanDynamicObject.java:218)
	at org.gradle.internal.extensibility.MixInClosurePropertiesAsMethodsDynamicObject.tryInvokeMethod(MixInClosurePropertiesAsMethodsDynamicObject.java:50)
	at org.gradle.groovy.scripts.BasicScript$ScriptDynamicObject.tryInvokeMethod(BasicScript.java:138)
	at org.gradle.internal.metaobject.AbstractDynamicObject.invokeMethod(AbstractDynamicObject.java:163)
	at org.gradle.api.internal.project.DefaultDynamicLookupRoutine.invokeMethod(DefaultDynamicLookupRoutine.java:58)
	at org.gradle.groovy.scripts.BasicScript.invokeMethod(BasicScript.java:87)
	at build_160s3xp18o71sfnxetwxxtvhv.run(D:\NutriScan\node_modules\expo\android\build.gradle:33)
	at org.gradle.groovy.scripts.internal.DefaultScriptRunnerFactory$ScriptRunnerImpl.run(DefaultScriptRunnerFactory.java:91)
	... 159 more
Caused by: com.android.builder.errors.EvalIssueException: SDK location not found. Define a valid SDK location with an ANDROID_HOME environment variable or by setting the sdk.dir path in your project's local properties file at 'D:\NutriScan\android\local.properties'.
	at com.android.builder.errors.IssueReporter.reportError(IssueReporter.kt:114)
	at com.android.builder.errors.IssueReporter.reportError$default(IssueReporter.kt:110)
	at com.android.build.gradle.internal.SdkLocator.getSdkLocation(SdkLocator.kt:239)
	at com.android.build.gradle.internal.SdkLocator.getSdkDirectory(SdkLocator.kt:197)
	at com.android.build.gradle.internal.cxx.configure.NdkLocator.findNdkPath(NdkLocator.kt:420)
	at com.android.build.gradle.internal.ndk.NdkHandler.getNdkStatus(NdkHandler.kt:85)
	at com.android.build.gradle.internal.ndk.NdkHandler.getNdkPlatform(NdkHandler.kt:98)
	at com.android.build.gradle.internal.cxx.gradle.generator.CxxConfigurationModelKt.tryCreateConfigurationParameters(CxxConfigurationModel.kt:215)
	at com.android.build.gradle.internal.cxx.configure.CxxCreateGradleTasksKt.createCxxTasks(CxxCreateGradleTasks.kt:89)
	at com.android.build.gradle.internal.VariantTaskManager.createTopLevelTasks(VariantTaskManager.kt:212)
	at com.android.build.gradle.internal.VariantTaskManager.createTasks(VariantTaskManager.kt:135)
	at com.android.build.gradle.internal.plugins.BasePlugin.createAndroidTasks(BasePlugin.kt:734)
	at com.android.build.gradle.internal.plugins.BasePlugin$createTasks$2$1.call(BasePlugin.kt:610)
	at com.android.build.gradle.internal.profile.NoOpAnalyticsConfiguratorService.recordBlock(NoOpAnalyticsConfiguratorService.kt:53)
	at com.android.build.gradle.internal.plugins.BasePlugin$createTasks$2.accept(BasePlugin.kt:605)
	at com.android.build.gradle.internal.plugins.BasePlugin$createTasks$2.accept(BasePlugin.kt:602)
	at com.android.build.gradle.internal.crash.CrashReporting$afterEvaluate$1.execute(crash_reporting.kt:37)
	at com.android.build.gradle.internal.crash.CrashReporting$afterEvaluate$1.execute(crash_reporting.kt:35)
	at org.gradle.internal.code.DefaultUserCodeApplicationContext$CurrentApplication$1.execute(DefaultUserCodeApplicationContext.java:123)
	at org.gradle.configuration.internal.DefaultListenerBuildOperationDecorator$BuildOperationEmittingAction$1.run(DefaultListenerBuildOperationDecorator.java:173)
	at org.gradle.internal.operations.DefaultBuildOperationRunner$1.execute(DefaultBuildOperationRunner.java:29)
	at org.gradle.internal.operations.DefaultBuildOperationRunner$1.execute(DefaultBuildOperationRunner.java:26)
	at org.gradle.internal.operations.DefaultBuildOperationRunner$2.execute(DefaultBuildOperationRunner.java:66)
	at org.gradle.internal.operations.DefaultBuildOperationRunner$2.execute(DefaultBuildOperationRunner.java:59)
	at org.gradle.internal.operations.DefaultBuildOperationRunner.execute(DefaultBuildOperationRunner.java:166)
	at org.gradle.internal.operations.DefaultBuildOperationRunner.execute(DefaultBuildOperationRunner.java:59)
	at org.gradle.internal.operations.DefaultBuildOperationRunner.run(DefaultBuildOperationRunner.java:47)
	at org.gradle.configuration.internal.DefaultListenerBuildOperationDecorator$BuildOperationEmittingAction.execute(DefaultListenerBuildOperationDecorator.java:170)
	at org.gradle.internal.event.BroadcastDispatch$ActionInvocationHandler.dispatch(BroadcastDispatch.java:99)
	at org.gradle.internal.event.BroadcastDispatch$ActionInvocationHandler.dispatch(BroadcastDispatch.java:87)
	at org.gradle.internal.event.AbstractBroadcastDispatch.dispatch(AbstractBroadcastDispatch.java:43)
	at org.gradle.internal.event.BroadcastDispatch$SingletonDispatch.dispatch(BroadcastDispatch.java:268)
	at org.gradle.internal.event.BroadcastDispatch$SingletonDispatch.dispatch(BroadcastDispatch.java:170)
	at org.gradle.internal.event.AbstractBroadcastDispatch.dispatch(AbstractBroadcastDispatch.java:83)
	at org.gradle.internal.event.AbstractBroadcastDispatch.dispatch(AbstractBroadcastDispatch.java:69)
	at org.gradle.internal.event.BroadcastDispatch$CompositeDispatch.dispatch(BroadcastDispatch.java:381)
	at org.gradle.internal.event.BroadcastDispatch$CompositeDispatch.dispatch(BroadcastDispatch.java:272)
	at org.gradle.internal.event.ListenerBroadcast.dispatch(ListenerBroadcast.java:148)
	at org.gradle.internal.event.ListenerBroadcast.dispatch(ListenerBroadcast.java:37)
	at org.gradle.internal.dispatch.ProxyDispatchAdapter$DispatchingInvocationHandler.invoke(ProxyDispatchAdapter.java:94)
	at jdk.proxy1/jdk.proxy1.$Proxy85.afterEvaluate(Unknown Source)
	at org.gradle.configuration.project.LifecycleProjectEvaluator$NotifyAfterEvaluate$1.execute(LifecycleProjectEvaluator.java:247)
	at org.gradle.configuration.project.LifecycleProjectEvaluator$NotifyAfterEvaluate$1.execute(LifecycleProjectEvaluator.java:244)
	at org.gradle.api.internal.project.DefaultProject.stepEvaluationListener(DefaultProject.java:1492)
	at org.gradle.configuration.project.LifecycleProjectEvaluator$NotifyAfterEvaluate.run(LifecycleProjectEvaluator.java:253)
	... 205 more

==============================================================================

2: Task failed with an exception.
-----------
* Where:
Script 'D:\NutriScan\node_modules\expo-modules-core\android\ExpoModulesCorePlugin.gradle' line: 85

* What went wrong:
A problem occurred configuring project ':expo'.
> Could not get unknown property 'release' for SoftwareComponent container of type org.gradle.api.internal.component.DefaultSoftwareComponentContainer.

* Try:
> Run with --debug option to get more log output.
> Run with --scan to get full insights.
> Get more help at https://help.gradle.org.

* Exception is:
org.gradle.api.ProjectConfigurationException: A problem occurred configuring project ':expo'.
	at org.gradle.configuration.project.LifecycleProjectEvaluator.wrapException(LifecycleProjectEvaluator.java:84)
	at org.gradle.configuration.project.LifecycleProjectEvaluator.addConfigurationFailure(LifecycleProjectEvaluator.java:77)
	at org.gradle.configuration.project.LifecycleProjectEvaluator.access$500(LifecycleProjectEvaluator.java:55)
	at org.gradle.configuration.project.LifecycleProjectEvaluator$EvaluateProject.lambda$run$0(LifecycleProjectEvaluator.java:111)
	at org.gradle.api.internal.project.DefaultProjectStateRegistry$ProjectStateImpl.lambda$applyToMutableState$1(DefaultProjectStateRegistry.java:407)
	at org.gradle.api.internal.project.DefaultProjectStateRegistry$ProjectStateImpl.lambda$fromMutableState$2(DefaultProjectStateRegistry.java:430)
	at org.gradle.internal.work.DefaultWorkerLeaseService.withReplacedLocks(DefaultWorkerLeaseService.java:360)
	at org.gradle.api.internal.project.DefaultProjectStateRegistry$ProjectStateImpl.fromMutableState(DefaultProjectStateRegistry.java:430)
	at org.gradle.api.internal.project.DefaultProjectStateRegistry$ProjectStateImpl.applyToMutableState(DefaultProjectStateRegistry.java:406)
	at org.gradle.configuration.project.LifecycleProjectEvaluator$EvaluateProject.run(LifecycleProjectEvaluator.java:100)
	at org.gradle.internal.operations.DefaultBuildOperationRunner$1.execute(DefaultBuildOperationRunner.java:29)
	at org.gradle.internal.operations.DefaultBuildOperationRunner$1.execute(DefaultBuildOperationRunner.java:26)
	at org.gradle.internal.operations.DefaultBuildOperationRunner$2.execute(DefaultBuildOperationRunner.java:66)
	at org.gradle.internal.operations.DefaultBuildOperationRunner$2.execute(DefaultBuildOperationRunner.java:59)
	at org.gradle.internal.operations.DefaultBuildOperationRunner.execute(DefaultBuildOperationRunner.java:166)
	at org.gradle.internal.operations.DefaultBuildOperationRunner.execute(DefaultBuildOperationRunner.java:59)
	at org.gradle.internal.operations.DefaultBuildOperationRunner.run(DefaultBuildOperationRunner.java:47)
	at org.gradle.configuration.project.LifecycleProjectEvaluator.evaluate(LifecycleProjectEvaluator.java:72)
	at org.gradle.api.internal.project.DefaultProject.evaluate(DefaultProject.java:785)
	at org.gradle.api.internal.project.DefaultProject.evaluate(DefaultProject.java:155)
	at org.gradle.api.internal.project.ProjectLifecycleController.lambda$ensureSelfConfigured$2(ProjectLifecycleController.java:84)
	at org.gradle.internal.model.StateTransitionController.lambda$doTransition$14(StateTransitionController.java:255)
	at org.gradle.internal.model.StateTransitionController.doTransition(StateTransitionController.java:266)
	at org.gradle.internal.model.StateTransitionController.doTransition(StateTransitionController.java:254)
	at org.gradle.internal.model.StateTransitionController.lambda$maybeTransitionIfNotCurrentlyTransitioning$10(StateTransitionController.java:199)
	at org.gradle.internal.work.DefaultSynchronizer.withLock(DefaultSynchronizer.java:34)
	at org.gradle.internal.model.StateTransitionController.maybeTransitionIfNotCurrentlyTransitioning(StateTransitionController.java:195)
	at org.gradle.api.internal.project.ProjectLifecycleController.ensureSelfConfigured(ProjectLifecycleController.java:84)
	at org.gradle.api.internal.project.DefaultProjectStateRegistry$ProjectStateImpl.ensureConfigured(DefaultProjectStateRegistry.java:381)
	at org.gradle.execution.TaskPathProjectEvaluator.configure(TaskPathProjectEvaluator.java:34)
	at org.gradle.execution.TaskPathProjectEvaluator.configureHierarchy(TaskPathProjectEvaluator.java:50)
	at org.gradle.configuration.DefaultProjectsPreparer.prepareProjects(DefaultProjectsPreparer.java:42)
	at org.gradle.configuration.BuildTreePreparingProjectsPreparer.prepareProjects(BuildTreePreparingProjectsPreparer.java:65)
	at org.gradle.configuration.BuildOperationFiringProjectsPreparer$ConfigureBuild.run(BuildOperationFiringProjectsPreparer.java:52)
	at org.gradle.internal.operations.DefaultBuildOperationRunner$1.execute(DefaultBuildOperationRunner.java:29)
	at org.gradle.internal.operations.DefaultBuildOperationRunner$1.execute(DefaultBuildOperationRunner.java:26)
	at org.gradle.internal.operations.DefaultBuildOperationRunner$2.execute(DefaultBuildOperationRunner.java:66)
	at org.gradle.internal.operations.DefaultBuildOperationRunner$2.execute(DefaultBuildOperationRunner.java:59)
	at org.gradle.internal.operations.DefaultBuildOperationRunner.execute(DefaultBuildOperationRunner.java:166)
	at org.gradle.internal.operations.DefaultBuildOperationRunner.execute(DefaultBuildOperationRunner.java:59)
	at org.gradle.internal.operations.DefaultBuildOperationRunner.run(DefaultBuildOperationRunner.java:47)
	at org.gradle.configuration.BuildOperationFiringProjectsPreparer.prepareProjects(BuildOperationFiringProjectsPreparer.java:40)
	at org.gradle.initialization.VintageBuildModelController.lambda$prepareProjects$2(VintageBuildModelController.java:84)
	at org.gradle.internal.model.StateTransitionController.lambda$doTransition$14(StateTransitionController.java:255)
	at org.gradle.internal.model.StateTransitionController.doTransition(StateTransitionController.java:266)
	at org.gradle.internal.model.StateTransitionController.doTransition(StateTransitionController.java:254)
	at org.gradle.internal.model.StateTransitionController.lambda$transitionIfNotPreviously$11(StateTransitionController.java:213)
	at org.gradle.internal.work.DefaultSynchronizer.withLock(DefaultSynchronizer.java:34)
	at org.gradle.internal.model.StateTransitionController.transitionIfNotPreviously(StateTransitionController.java:209)
	at org.gradle.initialization.VintageBuildModelController.prepareProjects(VintageBuildModelController.java:84)
	at org.gradle.initialization.VintageBuildModelController.prepareToScheduleTasks(VintageBuildModelController.java:71)
	at org.gradle.internal.build.DefaultBuildLifecycleController.lambda$prepareToScheduleTasks$6(DefaultBuildLifecycleController.java:175)
	at org.gradle.internal.model.StateTransitionController.lambda$doTransition$14(StateTransitionController.java:255)
	at org.gradle.internal.model.StateTransitionController.doTransition(StateTransitionController.java:266)
	at org.gradle.internal.model.StateTransitionController.doTransition(StateTransitionController.java:254)
	at org.gradle.internal.model.StateTransitionController.lambda$maybeTransition$9(StateTransitionController.java:190)
	at org.gradle.internal.work.DefaultSynchronizer.withLock(DefaultSynchronizer.java:34)
	at org.gradle.internal.model.StateTransitionController.maybeTransition(StateTransitionController.java:186)
	at org.gradle.internal.build.DefaultBuildLifecycleController.prepareToScheduleTasks(DefaultBuildLifecycleController.java:173)
	at org.gradle.internal.buildtree.DefaultBuildTreeWorkPreparer.scheduleRequestedTasks(DefaultBuildTreeWorkPreparer.java:36)
	at org.gradle.configurationcache.VintageBuildTreeWorkController$scheduleAndRunRequestedTasks$1.apply(VintageBuildTreeWorkController.kt:36)
	at org.gradle.configurationcache.VintageBuildTreeWorkController$scheduleAndRunRequestedTasks$1.apply(VintageBuildTreeWorkController.kt:35)
	at org.gradle.composite.internal.DefaultIncludedBuildTaskGraph.withNewWorkGraph(DefaultIncludedBuildTaskGraph.java:112)
	at org.gradle.configurationcache.VintageBuildTreeWorkController.scheduleAndRunRequestedTasks(VintageBuildTreeWorkController.kt:35)
	at org.gradle.internal.buildtree.DefaultBuildTreeLifecycleController.lambda$scheduleAndRunTasks$1(DefaultBuildTreeLifecycleController.java:77)
	at org.gradle.internal.buildtree.DefaultBuildTreeLifecycleController.lambda$runBuild$4(DefaultBuildTreeLifecycleController.java:120)
	at org.gradle.internal.model.StateTransitionController.lambda$transition$6(StateTransitionController.java:169)
	at org.gradle.internal.model.StateTransitionController.doTransition(StateTransitionController.java:266)
	at org.gradle.internal.model.StateTransitionController.lambda$transition$7(StateTransitionController.java:169)
	at org.gradle.internal.work.DefaultSynchronizer.withLock(DefaultSynchronizer.java:44)
	at org.gradle.internal.model.StateTransitionController.transition(StateTransitionController.java:169)
	at org.gradle.internal.buildtree.DefaultBuildTreeLifecycleController.runBuild(DefaultBuildTreeLifecycleController.java:117)
	at org.gradle.internal.buildtree.DefaultBuildTreeLifecycleController.scheduleAndRunTasks(DefaultBuildTreeLifecycleController.java:77)
	at org.gradle.internal.buildtree.DefaultBuildTreeLifecycleController.scheduleAndRunTasks(DefaultBuildTreeLifecycleController.java:72)
	at org.gradle.tooling.internal.provider.ExecuteBuildActionRunner.run(ExecuteBuildActionRunner.java:31)
	at org.gradle.launcher.exec.ChainingBuildActionRunner.run(ChainingBuildActionRunner.java:35)
	at org.gradle.internal.buildtree.ProblemReportingBuildActionRunner.run(ProblemReportingBuildActionRunner.java:49)
	at org.gradle.launcher.exec.BuildOutcomeReportingBuildActionRunner.run(BuildOutcomeReportingBuildActionRunner.java:65)
	at org.gradle.tooling.internal.provider.FileSystemWatchingBuildActionRunner.run(FileSystemWatchingBuildActionRunner.java:140)
	at org.gradle.launcher.exec.BuildCompletionNotifyingBuildActionRunner.run(BuildCompletionNotifyingBuildActionRunner.java:41)
	at org.gradle.launcher.exec.RootBuildLifecycleBuildActionExecutor.lambda$execute$0(RootBuildLifecycleBuildActionExecutor.java:40)
	at org.gradle.composite.internal.DefaultRootBuildState.run(DefaultRootBuildState.java:123)
	at org.gradle.launcher.exec.RootBuildLifecycleBuildActionExecutor.execute(RootBuildLifecycleBuildActionExecutor.java:40)
	at org.gradle.internal.buildtree.InitDeprecationLoggingActionExecutor.execute(InitDeprecationLoggingActionExecutor.java:66)
	at org.gradle.internal.buildtree.InitProblems.execute(InitProblems.java:36)
	at org.gradle.internal.buildtree.DefaultBuildTreeContext.execute(DefaultBuildTreeContext.java:40)
	at org.gradle.launcher.exec.BuildTreeLifecycleBuildActionExecutor.lambda$execute$0(BuildTreeLifecycleBuildActionExecutor.java:71)
	at org.gradle.internal.buildtree.BuildTreeState.run(BuildTreeState.java:60)
	at org.gradle.launcher.exec.BuildTreeLifecycleBuildActionExecutor.execute(BuildTreeLifecycleBuildActionExecutor.java:71)
	at org.gradle.launcher.exec.RunAsBuildOperationBuildActionExecutor$3.call(RunAsBuildOperationBuildActionExecutor.java:61)
	at org.gradle.launcher.exec.RunAsBuildOperationBuildActionExecutor$3.call(RunAsBuildOperationBuildActionExecutor.java:57)
	at org.gradle.internal.operations.DefaultBuildOperationRunner$CallableBuildOperationWorker.execute(DefaultBuildOperationRunner.java:209)
	at org.gradle.internal.operations.DefaultBuildOperationRunner$CallableBuildOperationWorker.execute(DefaultBuildOperationRunner.java:204)
	at org.gradle.internal.operations.DefaultBuildOperationRunner$2.execute(DefaultBuildOperationRunner.java:66)
	at org.gradle.internal.operations.DefaultBuildOperationRunner$2.execute(DefaultBuildOperationRunner.java:59)
	at org.gradle.internal.operations.DefaultBuildOperationRunner.execute(DefaultBuildOperationRunner.java:166)
	at org.gradle.internal.operations.DefaultBuildOperationRunner.execute(DefaultBuildOperationRunner.java:59)
	at org.gradle.internal.operations.DefaultBuildOperationRunner.call(DefaultBuildOperationRunner.java:53)
	at org.gradle.launcher.exec.RunAsBuildOperationBuildActionExecutor.execute(RunAsBuildOperationBuildActionExecutor.java:57)
	at org.gradle.launcher.exec.RunAsWorkerThreadBuildActionExecutor.lambda$execute$0(RunAsWorkerThreadBuildActionExecutor.java:36)
	at org.gradle.internal.work.DefaultWorkerLeaseService.withLocks(DefaultWorkerLeaseService.java:264)
	at org.gradle.internal.work.DefaultWorkerLeaseService.runAsWorkerThread(DefaultWorkerLeaseService.java:128)
	at org.gradle.launcher.exec.RunAsWorkerThreadBuildActionExecutor.execute(RunAsWorkerThreadBuildActionExecutor.java:36)
	at org.gradle.tooling.internal.provider.continuous.ContinuousBuildActionExecutor.execute(ContinuousBuildActionExecutor.java:110)
	at org.gradle.tooling.internal.provider.SubscribableBuildActionExecutor.execute(SubscribableBuildActionExecutor.java:64)
	at org.gradle.internal.session.DefaultBuildSessionContext.execute(DefaultBuildSessionContext.java:46)
	at org.gradle.tooling.internal.provider.BuildSessionLifecycleBuildActionExecuter$ActionImpl.apply(BuildSessionLifecycleBuildActionExecuter.java:92)
	at org.gradle.tooling.internal.provider.BuildSessionLifecycleBuildActionExecuter$ActionImpl.apply(BuildSessionLifecycleBuildActionExecuter.java:80)
	at org.gradle.internal.session.BuildSessionState.run(BuildSessionState.java:71)
	at org.gradle.tooling.internal.provider.BuildSessionLifecycleBuildActionExecuter.execute(BuildSessionLifecycleBuildActionExecuter.java:62)
	at org.gradle.tooling.internal.provider.BuildSessionLifecycleBuildActionExecuter.execute(BuildSessionLifecycleBuildActionExecuter.java:41)
	at org.gradle.tooling.internal.provider.StartParamsValidatingActionExecuter.execute(StartParamsValidatingActionExecuter.java:64)
	at org.gradle.tooling.internal.provider.StartParamsValidatingActionExecuter.execute(StartParamsValidatingActionExecuter.java:32)
	at org.gradle.tooling.internal.provider.SessionFailureReportingActionExecuter.execute(SessionFailureReportingActionExecuter.java:51)
	at org.gradle.tooling.internal.provider.SessionFailureReportingActionExecuter.execute(SessionFailureReportingActionExecuter.java:39)
	at org.gradle.tooling.internal.provider.SetupLoggingActionExecuter.execute(SetupLoggingActionExecuter.java:47)
	at org.gradle.tooling.internal.provider.SetupLoggingActionExecuter.execute(SetupLoggingActionExecuter.java:31)
	at org.gradle.launcher.daemon.server.exec.ExecuteBuild.doBuild(ExecuteBuild.java:65)
	at org.gradle.launcher.daemon.server.exec.BuildCommandOnly.execute(BuildCommandOnly.java:37)
	at org.gradle.launcher.daemon.server.api.DaemonCommandExecution.proceed(DaemonCommandExecution.java:104)
	at org.gradle.launcher.daemon.server.exec.WatchForDisconnection.execute(WatchForDisconnection.java:39)
	at org.gradle.launcher.daemon.server.api.DaemonCommandExecution.proceed(DaemonCommandExecution.java:104)
	at org.gradle.launcher.daemon.server.exec.ResetDeprecationLogger.execute(ResetDeprecationLogger.java:29)
	at org.gradle.launcher.daemon.server.api.DaemonCommandExecution.proceed(DaemonCommandExecution.java:104)
	at org.gradle.launcher.daemon.server.exec.RequestStopIfSingleUsedDaemon.execute(RequestStopIfSingleUsedDaemon.java:35)
	at org.gradle.launcher.daemon.server.api.DaemonCommandExecution.proceed(DaemonCommandExecution.java:104)
	at org.gradle.launcher.daemon.server.exec.ForwardClientInput.lambda$execute$0(ForwardClientInput.java:39)
	at org.gradle.launcher.daemon.server.clientinput.ClientInputForwarder.forwardInput(ClientInputForwarder.java:88)
	at org.gradle.launcher.daemon.server.exec.ForwardClientInput.execute(ForwardClientInput.java:36)
	at org.gradle.launcher.daemon.server.api.DaemonCommandExecution.proceed(DaemonCommandExecution.java:104)
	at org.gradle.launcher.daemon.server.exec.LogAndCheckHealth.execute(LogAndCheckHealth.java:64)
	at org.gradle.launcher.daemon.server.api.DaemonCommandExecution.proceed(DaemonCommandExecution.java:104)
	at org.gradle.launcher.daemon.server.exec.LogToClient.doBuild(LogToClient.java:63)
	at org.gradle.launcher.daemon.server.exec.BuildCommandOnly.execute(BuildCommandOnly.java:37)
	at org.gradle.launcher.daemon.server.api.DaemonCommandExecution.proceed(DaemonCommandExecution.java:104)
	at org.gradle.launcher.daemon.server.exec.EstablishBuildEnvironment.doBuild(EstablishBuildEnvironment.java:84)
	at org.gradle.launcher.daemon.server.exec.BuildCommandOnly.execute(BuildCommandOnly.java:37)
	at org.gradle.launcher.daemon.server.api.DaemonCommandExecution.proceed(DaemonCommandExecution.java:104)
	at org.gradle.launcher.daemon.server.exec.StartBuildOrRespondWithBusy$1.run(StartBuildOrRespondWithBusy.java:52)
	at org.gradle.launcher.daemon.server.DaemonStateCoordinator$1.run(DaemonStateCoordinator.java:297)
	at org.gradle.internal.concurrent.ExecutorPolicy$CatchAndRecordFailures.onExecute(ExecutorPolicy.java:64)
	at org.gradle.internal.concurrent.AbstractManagedExecutor$1.run(AbstractManagedExecutor.java:47)
	at java.base/java.util.concurrent.ThreadPoolExecutor.runWorker(Unknown Source)
	at java.base/java.util.concurrent.ThreadPoolExecutor$Worker.run(Unknown Source)
	at java.base/java.lang.Thread.run(Unknown Source)
Caused by: groovy.lang.MissingPropertyException: Could not get unknown property 'release' for SoftwareComponent container of type org.gradle.api.internal.component.DefaultSoftwareComponentContainer.
	at org.gradle.internal.metaobject.AbstractDynamicObject.getMissingProperty(AbstractDynamicObject.java:85)
	at org.gradle.internal.metaobject.AbstractDynamicObject.getProperty(AbstractDynamicObject.java:62)
	at org.gradle.api.internal.component.DefaultSoftwareComponentContainer_Decorated.getProperty(Unknown Source)
	at org.codehaus.groovy.runtime.callsite.PogoGetPropertySite.getProperty(PogoGetPropertySite.java:49)
	at org.codehaus.groovy.runtime.callsite.AbstractCallSite.callGetProperty(AbstractCallSite.java:329)
	at ExpoModulesCorePlugin_27dhr9rbib56ng7ay9rg039gp$_run_closure3$_closure10$_closure13$_closure14$_closure16.doCall$original(D:\NutriScan\node_modules\expo-modules-core\android\ExpoModulesCorePlugin.gradle:85)
	at ExpoModulesCorePlugin_27dhr9rbib56ng7ay9rg039gp$_run_closure3$_closure10$_closure13$_closure14$_closure16.doCall(D:\NutriScan\node_modules\expo-modules-core\android\ExpoModulesCorePlugin.gradle)
	at java.base/jdk.internal.reflect.DirectMethodHandleAccessor.invoke(Unknown Source)
	at java.base/java.lang.reflect.Method.invoke(Unknown Source)
	at org.codehaus.groovy.reflection.CachedMethod.invoke(CachedMethod.java:107)
	at groovy.lang.MetaMethod.doMethodInvoke(MetaMethod.java:323)
	at org.codehaus.groovy.runtime.metaclass.ClosureMetaClass.invokeMethod(ClosureMetaClass.java:274)
	at groovy.lang.MetaClassImpl.invokeMethod(MetaClassImpl.java:1030)
	at groovy.lang.Closure.call(Closure.java:427)
	at groovy.lang.Closure.call(Closure.java:416)
	at org.gradle.util.internal.ClosureBackedAction.execute(ClosureBackedAction.java:73)
	at org.gradle.util.internal.ConfigureUtil.configureTarget(ConfigureUtil.java:166)
	at org.gradle.util.internal.ConfigureUtil.configure(ConfigureUtil.java:107)
	at org.gradle.util.internal.ConfigureUtil$WrappedConfigureAction.execute(ConfigureUtil.java:178)
	at org.gradle.api.internal.AbstractPolymorphicDomainObjectContainer.create(AbstractPolymorphicDomainObjectContainer.java:69)
	at org.gradle.api.internal.PolymorphicDomainObjectContainerConfigureDelegate._configure(PolymorphicDomainObjectContainerConfigureDelegate.java:45)
	at org.gradle.internal.metaobject.ConfigureDelegate.invokeMethod(ConfigureDelegate.java:72)
	at org.codehaus.groovy.runtime.metaclass.ClosureMetaClass.invokeOnDelegationObjects(ClosureMetaClass.java:408)
	at org.codehaus.groovy.runtime.metaclass.ClosureMetaClass.invokeMethod(ClosureMetaClass.java:348)
	at org.codehaus.groovy.runtime.callsite.PogoMetaClassSite.callCurrent(PogoMetaClassSite.java:61)
	at org.codehaus.groovy.runtime.callsite.AbstractCallSite.callCurrent(AbstractCallSite.java:194)
	at ExpoModulesCorePlugin_27dhr9rbib56ng7ay9rg039gp$_run_closure3$_closure10$_closure13$_closure14.doCall$original(D:\NutriScan\node_modules\expo-modules-core\android\ExpoModulesCorePlugin.gradle:84)
	at ExpoModulesCorePlugin_27dhr9rbib56ng7ay9rg039gp$_run_closure3$_closure10$_closure13$_closure14.doCall(D:\NutriScan\node_modules\expo-modules-core\android\ExpoModulesCorePlugin.gradle)
	at java.base/jdk.internal.reflect.DirectMethodHandleAccessor.invoke(Unknown Source)
	at java.base/java.lang.reflect.Method.invoke(Unknown Source)
	at org.codehaus.groovy.reflection.CachedMethod.invoke(CachedMethod.java:107)
	at groovy.lang.MetaMethod.doMethodInvoke(MetaMethod.java:323)
	at org.codehaus.groovy.runtime.metaclass.ClosureMetaClass.invokeMethod(ClosureMetaClass.java:274)
	at groovy.lang.MetaClassImpl.invokeMethod(MetaClassImpl.java:1030)
	at groovy.lang.Closure.call(Closure.java:427)
	at groovy.lang.Closure.call(Closure.java:416)
	at org.gradle.util.internal.ClosureBackedAction.execute(ClosureBackedAction.java:73)
	at org.gradle.util.internal.ConfigureUtil.configureTarget(ConfigureUtil.java:166)
	at org.gradle.util.internal.ConfigureUtil.configureSelf(ConfigureUtil.java:154)
	at org.gradle.api.internal.AbstractNamedDomainObjectContainer.configure(AbstractNamedDomainObjectContainer.java:91)
	at org.gradle.api.internal.AbstractNamedDomainObjectContainer.configure(AbstractNamedDomainObjectContainer.java:38)
	at org.gradle.util.internal.ConfigureUtil.configure(ConfigureUtil.java:105)
	at org.gradle.util.internal.ConfigureUtil$WrappedConfigureAction.execute(ConfigureUtil.java:178)
	at org.gradle.api.publish.internal.DefaultPublishingExtension.publications(DefaultPublishingExtension.java:50)
	at org.gradle.api.publish.internal.DefaultPublishingExtension_Decorated.publications(Unknown Source)
	at java.base/jdk.internal.reflect.DirectMethodHandleAccessor.invoke(Unknown Source)
	at java.base/java.lang.reflect.Method.invoke(Unknown Source)
	at org.codehaus.groovy.reflection.CachedMethod.invoke(CachedMethod.java:107)
	at groovy.lang.MetaMethod.doMethodInvoke(MetaMethod.java:323)
	at org.gradle.internal.metaobject.BeanDynamicObject$MetaClassAdapter.invokeMethod(BeanDynamicObject.java:541)
	at org.gradle.internal.metaobject.BeanDynamicObject.tryInvokeMethod(BeanDynamicObject.java:218)
	at org.gradle.internal.metaobject.CompositeDynamicObject.tryInvokeMethod(CompositeDynamicObject.java:99)
	at org.gradle.internal.extensibility.MixInClosurePropertiesAsMethodsDynamicObject.tryInvokeMethod(MixInClosurePropertiesAsMethodsDynamicObject.java:38)
	at org.gradle.internal.metaobject.ConfigureDelegate.invokeMethod(ConfigureDelegate.java:65)
	at org.codehaus.groovy.runtime.metaclass.ClosureMetaClass.invokeOnDelegationObjects(ClosureMetaClass.java:408)
	at org.codehaus.groovy.runtime.metaclass.ClosureMetaClass.invokeMethod(ClosureMetaClass.java:348)
	at org.codehaus.groovy.runtime.callsite.PogoMetaClassSite.callCurrent(PogoMetaClassSite.java:61)
	at org.codehaus.groovy.runtime.callsite.AbstractCallSite.callCurrent(AbstractCallSite.java:185)
	at ExpoModulesCorePlugin_27dhr9rbib56ng7ay9rg039gp$_run_closure3$_closure10$_closure13.doCall$original(D:\NutriScan\node_modules\expo-modules-core\android\ExpoModulesCorePlugin.gradle:83)
	at ExpoModulesCorePlugin_27dhr9rbib56ng7ay9rg039gp$_run_closure3$_closure10$_closure13.doCall(D:\NutriScan\node_modules\expo-modules-core\android\ExpoModulesCorePlugin.gradle)
	at java.base/jdk.internal.reflect.DirectMethodHandleAccessor.invoke(Unknown Source)
	at java.base/java.lang.reflect.Method.invoke(Unknown Source)
	at org.codehaus.groovy.reflection.CachedMethod.invoke(CachedMethod.java:107)
	at groovy.lang.MetaMethod.doMethodInvoke(MetaMethod.java:323)
	at org.codehaus.groovy.runtime.metaclass.ClosureMetaClass.invokeMethod(ClosureMetaClass.java:274)
	at groovy.lang.MetaClassImpl.invokeMethod(MetaClassImpl.java:1030)
	at groovy.lang.Closure.call(Closure.java:427)
	at groovy.lang.Closure.call(Closure.java:416)
	at org.gradle.util.internal.ClosureBackedAction.execute(ClosureBackedAction.java:73)
	at org.gradle.util.internal.ConfigureUtil.configureTarget(ConfigureUtil.java:166)
	at org.gradle.util.internal.ConfigureUtil.configure(ConfigureUtil.java:107)
	at org.gradle.util.internal.ConfigureUtil$WrappedConfigureAction.execute(ConfigureUtil.java:178)
	at org.gradle.internal.extensibility.ExtensionsStorage$ExtensionHolder.configure(ExtensionsStorage.java:177)
	at org.gradle.internal.extensibility.ExtensionsStorage.configureExtension(ExtensionsStorage.java:64)
	at org.gradle.internal.extensibility.DefaultConvention.configureExtension(DefaultConvention.java:385)
	at org.gradle.internal.extensibility.DefaultConvention.access$500(DefaultConvention.java:49)
	at org.gradle.internal.extensibility.DefaultConvention$ExtensionsDynamicObject.tryInvokeMethod(DefaultConvention.java:315)
	at org.gradle.internal.metaobject.CompositeDynamicObject.tryInvokeMethod(CompositeDynamicObject.java:99)
	at org.gradle.internal.extensibility.MixInClosurePropertiesAsMethodsDynamicObject.tryInvokeMethod(MixInClosurePropertiesAsMethodsDynamicObject.java:38)
	at org.gradle.groovy.scripts.BasicScript$ScriptDynamicObject.tryInvokeMethod(BasicScript.java:138)
	at org.gradle.internal.metaobject.AbstractDynamicObject.invokeMethod(AbstractDynamicObject.java:163)
	at org.gradle.api.internal.project.DefaultDynamicLookupRoutine.invokeMethod(DefaultDynamicLookupRoutine.java:58)
	at org.gradle.groovy.scripts.BasicScript.invokeMethod(BasicScript.java:87)
	at org.codehaus.groovy.runtime.metaclass.ClosureMetaClass.invokeOnDelegationObjects(ClosureMetaClass.java:408)
	at org.codehaus.groovy.runtime.metaclass.ClosureMetaClass.invokeMethod(ClosureMetaClass.java:350)
	at groovy.lang.MetaClassImpl.invokeMethod(MetaClassImpl.java:1030)
	at groovy.lang.MetaClassImpl.invokeMethod(MetaClassImpl.java:814)
	at groovy.lang.GroovyObject.invokeMethod(GroovyObject.java:39)
	at org.codehaus.groovy.runtime.metaclass.ClosureMetaClass.invokeOnDelegationObjects(ClosureMetaClass.java:408)
	at org.codehaus.groovy.runtime.metaclass.ClosureMetaClass.invokeMethod(ClosureMetaClass.java:348)
	at org.codehaus.groovy.runtime.callsite.PogoMetaClassSite.callCurrent(PogoMetaClassSite.java:61)
	at org.codehaus.groovy.runtime.callsite.AbstractCallSite.callCurrent(AbstractCallSite.java:185)
	at ExpoModulesCorePlugin_27dhr9rbib56ng7ay9rg039gp$_run_closure3$_closure10.doCall$original(D:\NutriScan\node_modules\expo-modules-core\android\ExpoModulesCorePlugin.gradle:82)
	at ExpoModulesCorePlugin_27dhr9rbib56ng7ay9rg039gp$_run_closure3$_closure10.doCall(D:\NutriScan\node_modules\expo-modules-core\android\ExpoModulesCorePlugin.gradle)
	at java.base/jdk.internal.reflect.DirectMethodHandleAccessor.invoke(Unknown Source)
	at java.base/java.lang.reflect.Method.invoke(Unknown Source)
	at org.codehaus.groovy.reflection.CachedMethod.invoke(CachedMethod.java:107)
	at groovy.lang.MetaMethod.doMethodInvoke(MetaMethod.java:323)
	at org.codehaus.groovy.runtime.metaclass.ClosureMetaClass.invokeMethod(ClosureMetaClass.java:274)
	at groovy.lang.MetaClassImpl.invokeMethod(MetaClassImpl.java:1030)
	at groovy.lang.Closure.call(Closure.java:427)
	at org.gradle.configuration.internal.DefaultListenerBuildOperationDecorator$BuildOperationEmittingClosure$1.lambda$run$0(DefaultListenerBuildOperationDecorator.java:201)
	at org.gradle.internal.code.DefaultUserCodeApplicationContext$CurrentApplication.reapply(DefaultUserCodeApplicationContext.java:98)
	at org.gradle.configuration.internal.DefaultListenerBuildOperationDecorator$BuildOperationEmittingClosure$1.run(DefaultListenerBuildOperationDecorator.java:198)
	at org.gradle.internal.operations.DefaultBuildOperationRunner$1.execute(DefaultBuildOperationRunner.java:29)
	at org.gradle.internal.operations.DefaultBuildOperationRunner$1.execute(DefaultBuildOperationRunner.java:26)
	at org.gradle.internal.operations.DefaultBuildOperationRunner$2.execute(DefaultBuildOperationRunner.java:66)
	at org.gradle.internal.operations.DefaultBuildOperationRunner$2.execute(DefaultBuildOperationRunner.java:59)
	at org.gradle.internal.operations.DefaultBuildOperationRunner.execute(DefaultBuildOperationRunner.java:166)
	at org.gradle.internal.operations.DefaultBuildOperationRunner.execute(DefaultBuildOperationRunner.java:59)
	at org.gradle.internal.operations.DefaultBuildOperationRunner.run(DefaultBuildOperationRunner.java:47)
	at org.gradle.configuration.internal.DefaultListenerBuildOperationDecorator$BuildOperationEmittingClosure.doCall(DefaultListenerBuildOperationDecorator.java:195)
	at java.base/jdk.internal.reflect.DirectMethodHandleAccessor.invoke(Unknown Source)
	at java.base/java.lang.reflect.Method.invoke(Unknown Source)
	at org.codehaus.groovy.reflection.CachedMethod.invoke(CachedMethod.java:107)
	at groovy.lang.MetaMethod.doMethodInvoke(MetaMethod.java:323)
	at groovy.lang.MetaClassImpl.invokeMethod(MetaClassImpl.java:1254)
	at groovy.lang.MetaClassImpl.invokeMethod(MetaClassImpl.java:1030)
	at groovy.lang.Closure.call(Closure.java:427)
	at org.gradle.listener.ClosureBackedMethodInvocationDispatch.dispatch(ClosureBackedMethodInvocationDispatch.java:41)
	at org.gradle.listener.ClosureBackedMethodInvocationDispatch.dispatch(ClosureBackedMethodInvocationDispatch.java:25)
	at org.gradle.internal.event.AbstractBroadcastDispatch.dispatch(AbstractBroadcastDispatch.java:43)
	at org.gradle.internal.event.BroadcastDispatch$SingletonDispatch.dispatch(BroadcastDispatch.java:268)
	at org.gradle.internal.event.BroadcastDispatch$SingletonDispatch.dispatch(BroadcastDispatch.java:170)
	at org.gradle.internal.event.AbstractBroadcastDispatch.dispatch(AbstractBroadcastDispatch.java:83)
	at org.gradle.internal.event.AbstractBroadcastDispatch.dispatch(AbstractBroadcastDispatch.java:69)
	at org.gradle.internal.event.BroadcastDispatch$CompositeDispatch.dispatch(BroadcastDispatch.java:381)
	at org.gradle.internal.event.BroadcastDispatch$CompositeDispatch.dispatch(BroadcastDispatch.java:272)
	at org.gradle.internal.event.ListenerBroadcast.dispatch(ListenerBroadcast.java:148)
	at org.gradle.internal.event.ListenerBroadcast.dispatch(ListenerBroadcast.java:37)
	at org.gradle.internal.dispatch.ProxyDispatchAdapter$DispatchingInvocationHandler.invoke(ProxyDispatchAdapter.java:94)
	at jdk.proxy1/jdk.proxy1.$Proxy85.afterEvaluate(Unknown Source)
	at org.gradle.configuration.project.LifecycleProjectEvaluator$NotifyAfterEvaluate$1.execute(LifecycleProjectEvaluator.java:247)
	at org.gradle.configuration.project.LifecycleProjectEvaluator$NotifyAfterEvaluate$1.execute(LifecycleProjectEvaluator.java:244)
	at org.gradle.api.internal.project.DefaultProject.stepEvaluationListener(DefaultProject.java:1492)
	at org.gradle.configuration.project.LifecycleProjectEvaluator$NotifyAfterEvaluate.run(LifecycleProjectEvaluator.java:253)
	at org.gradle.internal.operations.DefaultBuildOperationRunner$1.execute(DefaultBuildOperationRunner.java:29)
	at org.gradle.internal.operations.DefaultBuildOperationRunner$1.execute(DefaultBuildOperationRunner.java:26)
	at org.gradle.internal.operations.DefaultBuildOperationRunner$2.execute(DefaultBuildOperationRunner.java:66)
	at org.gradle.internal.operations.DefaultBuildOperationRunner$2.execute(DefaultBuildOperationRunner.java:59)
	at org.gradle.internal.operations.DefaultBuildOperationRunner.execute(DefaultBuildOperationRunner.java:166)
	at org.gradle.internal.operations.DefaultBuildOperationRunner.execute(DefaultBuildOperationRunner.java:59)
	at org.gradle.internal.operations.DefaultBuildOperationRunner.run(DefaultBuildOperationRunner.java:47)
	at org.gradle.configuration.project.LifecycleProjectEvaluator$EvaluateProject.lambda$run$0(LifecycleProjectEvaluator.java:114)
	at org.gradle.api.internal.project.DefaultProjectStateRegistry$ProjectStateImpl.lambda$applyToMutableState$1(DefaultProjectStateRegistry.java:407)
	at org.gradle.api.internal.project.DefaultProjectStateRegistry$ProjectStateImpl.lambda$fromMutableState$2(DefaultProjectStateRegistry.java:430)
	at org.gradle.internal.work.DefaultWorkerLeaseService.withReplacedLocks(DefaultWorkerLeaseService.java:360)
	at org.gradle.api.internal.project.DefaultProjectStateRegistry$ProjectStateImpl.fromMutableState(DefaultProjectStateRegistry.java:430)
	at org.gradle.api.internal.project.DefaultProjectStateRegistry$ProjectStateImpl.applyToMutableState(DefaultProjectStateRegistry.java:406)
	at org.gradle.configuration.project.LifecycleProjectEvaluator$EvaluateProject.run(LifecycleProjectEvaluator.java:100)
	at org.gradle.internal.operations.DefaultBuildOperationRunner$1.execute(DefaultBuildOperationRunner.java:29)
	at org.gradle.internal.operations.DefaultBuildOperationRunner$1.execute(DefaultBuildOperationRunner.java:26)
	at org.gradle.internal.operations.DefaultBuildOperationRunner$2.execute(DefaultBuildOperationRunner.java:66)
	at org.gradle.internal.operations.DefaultBuildOperationRunner$2.execute(DefaultBuildOperationRunner.java:59)
	at org.gradle.internal.operations.DefaultBuildOperationRunner.execute(DefaultBuildOperationRunner.java:166)
	at org.gradle.internal.operations.DefaultBuildOperationRunner.execute(DefaultBuildOperationRunner.java:59)
	at org.gradle.internal.operations.DefaultBuildOperationRunner.run(DefaultBuildOperationRunner.java:47)
	at org.gradle.configuration.project.LifecycleProjectEvaluator.evaluate(LifecycleProjectEvaluator.java:72)
	at org.gradle.api.internal.project.DefaultProject.evaluate(DefaultProject.java:785)
	at org.gradle.api.internal.project.DefaultProject.evaluate(DefaultProject.java:155)
	at org.gradle.api.internal.project.ProjectLifecycleController.lambda$ensureSelfConfigured$2(ProjectLifecycleController.java:84)
	at org.gradle.internal.model.StateTransitionController.lambda$doTransition$14(StateTransitionController.java:255)
	at org.gradle.internal.model.StateTransitionController.doTransition(StateTransitionController.java:266)
	at org.gradle.internal.model.StateTransitionController.doTransition(StateTransitionController.java:254)
	at org.gradle.internal.model.StateTransitionController.lambda$maybeTransitionIfNotCurrentlyTransitioning$10(StateTransitionController.java:199)
	at org.gradle.internal.work.DefaultSynchronizer.withLock(DefaultSynchronizer.java:34)
	at org.gradle.internal.model.StateTransitionController.maybeTransitionIfNotCurrentlyTransitioning(StateTransitionController.java:195)
	at org.gradle.api.internal.project.ProjectLifecycleController.ensureSelfConfigured(ProjectLifecycleController.java:84)
	at org.gradle.api.internal.project.DefaultProjectStateRegistry$ProjectStateImpl.ensureConfigured(DefaultProjectStateRegistry.java:381)
	at org.gradle.execution.TaskPathProjectEvaluator.configure(TaskPathProjectEvaluator.java:34)
	at org.gradle.execution.TaskPathProjectEvaluator.configureHierarchy(TaskPathProjectEvaluator.java:50)
	at org.gradle.configuration.DefaultProjectsPreparer.prepareProjects(DefaultProjectsPreparer.java:42)
	at org.gradle.configuration.BuildTreePreparingProjectsPreparer.prepareProjects(BuildTreePreparingProjectsPreparer.java:65)
	at org.gradle.configuration.BuildOperationFiringProjectsPreparer$ConfigureBuild.run(BuildOperationFiringProjectsPreparer.java:52)
	at org.gradle.internal.operations.DefaultBuildOperationRunner$1.execute(DefaultBuildOperationRunner.java:29)
	at org.gradle.internal.operations.DefaultBuildOperationRunner$1.execute(DefaultBuildOperationRunner.java:26)
	at org.gradle.internal.operations.DefaultBuildOperationRunner$2.execute(DefaultBuildOperationRunner.java:66)
	at org.gradle.internal.operations.DefaultBuildOperationRunner$2.execute(DefaultBuildOperationRunner.java:59)
	at org.gradle.internal.operations.DefaultBuildOperationRunner.execute(DefaultBuildOperationRunner.java:166)
	at org.gradle.internal.operations.DefaultBuildOperationRunner.execute(DefaultBuildOperationRunner.java:59)
	at org.gradle.internal.operations.DefaultBuildOperationRunner.run(DefaultBuildOperationRunner.java:47)
	at org.gradle.configuration.BuildOperationFiringProjectsPreparer.prepareProjects(BuildOperationFiringProjectsPreparer.java:40)
	at org.gradle.initialization.VintageBuildModelController.lambda$prepareProjects$2(VintageBuildModelController.java:84)
	at org.gradle.internal.model.StateTransitionController.lambda$doTransition$14(StateTransitionController.java:255)
	at org.gradle.internal.model.StateTransitionController.doTransition(StateTransitionController.java:266)
	at org.gradle.internal.model.StateTransitionController.doTransition(StateTransitionController.java:254)
	at org.gradle.internal.model.StateTransitionController.lambda$transitionIfNotPreviously$11(StateTransitionController.java:213)
	at org.gradle.internal.work.DefaultSynchronizer.withLock(DefaultSynchronizer.java:34)
	at org.gradle.internal.model.StateTransitionController.transitionIfNotPreviously(StateTransitionController.java:209)
	at org.gradle.initialization.VintageBuildModelController.prepareProjects(VintageBuildModelController.java:84)
	at org.gradle.initialization.VintageBuildModelController.prepareToScheduleTasks(VintageBuildModelController.java:71)
	at org.gradle.internal.build.DefaultBuildLifecycleController.lambda$prepareToScheduleTasks$6(DefaultBuildLifecycleController.java:175)
	at org.gradle.internal.model.StateTransitionController.lambda$doTransition$14(StateTransitionController.java:255)
	at org.gradle.internal.model.StateTransitionController.doTransition(StateTransitionController.java:266)
	at org.gradle.internal.model.StateTransitionController.doTransition(StateTransitionController.java:254)
	at org.gradle.internal.model.StateTransitionController.lambda$maybeTransition$9(StateTransitionController.java:190)
	at org.gradle.internal.work.DefaultSynchronizer.withLock(DefaultSynchronizer.java:34)
	at org.gradle.internal.model.StateTransitionController.maybeTransition(StateTransitionController.java:186)
	at org.gradle.internal.build.DefaultBuildLifecycleController.prepareToScheduleTasks(DefaultBuildLifecycleController.java:173)
	at org.gradle.internal.buildtree.DefaultBuildTreeWorkPreparer.scheduleRequestedTasks(DefaultBuildTreeWorkPreparer.java:36)
	at org.gradle.configurationcache.VintageBuildTreeWorkController$scheduleAndRunRequestedTasks$1.apply(VintageBuildTreeWorkController.kt:36)
	at org.gradle.configurationcache.VintageBuildTreeWorkController$scheduleAndRunRequestedTasks$1.apply(VintageBuildTreeWorkController.kt:35)
	at org.gradle.composite.internal.DefaultIncludedBuildTaskGraph.withNewWorkGraph(DefaultIncludedBuildTaskGraph.java:112)
	at org.gradle.configurationcache.VintageBuildTreeWorkController.scheduleAndRunRequestedTasks(VintageBuildTreeWorkController.kt:35)
	at org.gradle.internal.buildtree.DefaultBuildTreeLifecycleController.lambda$scheduleAndRunTasks$1(DefaultBuildTreeLifecycleController.java:77)
	at org.gradle.internal.buildtree.DefaultBuildTreeLifecycleController.lambda$runBuild$4(DefaultBuildTreeLifecycleController.java:120)
	at org.gradle.internal.model.StateTransitionController.lambda$transition$6(StateTransitionController.java:169)
	at org.gradle.internal.model.StateTransitionController.doTransition(StateTransitionController.java:266)
	at org.gradle.internal.model.StateTransitionController.lambda$transition$7(StateTransitionController.java:169)
	at org.gradle.internal.work.DefaultSynchronizer.withLock(DefaultSynchronizer.java:44)
	at org.gradle.internal.model.StateTransitionController.transition(StateTransitionController.java:169)
	at org.gradle.internal.buildtree.DefaultBuildTreeLifecycleController.runBuild(DefaultBuildTreeLifecycleController.java:117)
	at org.gradle.internal.buildtree.DefaultBuildTreeLifecycleController.scheduleAndRunTasks(DefaultBuildTreeLifecycleController.java:77)
	at org.gradle.internal.buildtree.DefaultBuildTreeLifecycleController.scheduleAndRunTasks(DefaultBuildTreeLifecycleController.java:72)
	at org.gradle.tooling.internal.provider.ExecuteBuildActionRunner.run(ExecuteBuildActionRunner.java:31)
	at org.gradle.launcher.exec.ChainingBuildActionRunner.run(ChainingBuildActionRunner.java:35)
	at org.gradle.internal.buildtree.ProblemReportingBuildActionRunner.run(ProblemReportingBuildActionRunner.java:49)
	at org.gradle.launcher.exec.BuildOutcomeReportingBuildActionRunner.run(BuildOutcomeReportingBuildActionRunner.java:65)
	at org.gradle.tooling.internal.provider.FileSystemWatchingBuildActionRunner.run(FileSystemWatchingBuildActionRunner.java:140)
	at org.gradle.launcher.exec.BuildCompletionNotifyingBuildActionRunner.run(BuildCompletionNotifyingBuildActionRunner.java:41)
	at org.gradle.launcher.exec.RootBuildLifecycleBuildActionExecutor.lambda$execute$0(RootBuildLifecycleBuildActionExecutor.java:40)
	at org.gradle.composite.internal.DefaultRootBuildState.run(DefaultRootBuildState.java:123)
	at org.gradle.launcher.exec.RootBuildLifecycleBuildActionExecutor.execute(RootBuildLifecycleBuildActionExecutor.java:40)
	at org.gradle.internal.buildtree.InitDeprecationLoggingActionExecutor.execute(InitDeprecationLoggingActionExecutor.java:66)
	at org.gradle.internal.buildtree.InitProblems.execute(InitProblems.java:36)
	at org.gradle.internal.buildtree.DefaultBuildTreeContext.execute(DefaultBuildTreeContext.java:40)
	at org.gradle.launcher.exec.BuildTreeLifecycleBuildActionExecutor.lambda$execute$0(BuildTreeLifecycleBuildActionExecutor.java:71)
	at org.gradle.internal.buildtree.BuildTreeState.run(BuildTreeState.java:60)
	at org.gradle.launcher.exec.BuildTreeLifecycleBuildActionExecutor.execute(BuildTreeLifecycleBuildActionExecutor.java:71)
	at org.gradle.launcher.exec.RunAsBuildOperationBuildActionExecutor$3.call(RunAsBuildOperationBuildActionExecutor.java:61)
	at org.gradle.launcher.exec.RunAsBuildOperationBuildActionExecutor$3.call(RunAsBuildOperationBuildActionExecutor.java:57)
	at org.gradle.internal.operations.DefaultBuildOperationRunner$CallableBuildOperationWorker.execute(DefaultBuildOperationRunner.java:209)
	at org.gradle.internal.operations.DefaultBuildOperationRunner$CallableBuildOperationWorker.execute(DefaultBuildOperationRunner.java:204)
	at org.gradle.internal.operations.DefaultBuildOperationRunner$2.execute(DefaultBuildOperationRunner.java:66)
	at org.gradle.internal.operations.DefaultBuildOperationRunner$2.execute(DefaultBuildOperationRunner.java:59)
	at org.gradle.internal.operations.DefaultBuildOperationRunner.execute(DefaultBuildOperationRunner.java:166)
	at org.gradle.internal.operations.DefaultBuildOperationRunner.execute(DefaultBuildOperationRunner.java:59)
	at org.gradle.internal.operations.DefaultBuildOperationRunner.call(DefaultBuildOperationRunner.java:53)
	at org.gradle.launcher.exec.RunAsBuildOperationBuildActionExecutor.execute(RunAsBuildOperationBuildActionExecutor.java:57)
	at org.gradle.launcher.exec.RunAsWorkerThreadBuildActionExecutor.lambda$execute$0(RunAsWorkerThreadBuildActionExecutor.java:36)
	at org.gradle.internal.work.DefaultWorkerLeaseService.withLocks(DefaultWorkerLeaseService.java:264)
	at org.gradle.internal.work.DefaultWorkerLeaseService.runAsWorkerThread(DefaultWorkerLeaseService.java:128)
	at org.gradle.launcher.exec.RunAsWorkerThreadBuildActionExecutor.execute(RunAsWorkerThreadBuildActionExecutor.java:36)
	at org.gradle.tooling.internal.provider.continuous.ContinuousBuildActionExecutor.execute(ContinuousBuildActionExecutor.java:110)
	at org.gradle.tooling.internal.provider.SubscribableBuildActionExecutor.execute(SubscribableBuildActionExecutor.java:64)
	at org.gradle.internal.session.DefaultBuildSessionContext.execute(DefaultBuildSessionContext.java:46)
	at org.gradle.tooling.internal.provider.BuildSessionLifecycleBuildActionExecuter$ActionImpl.apply(BuildSessionLifecycleBuildActionExecuter.java:92)
	at org.gradle.tooling.internal.provider.BuildSessionLifecycleBuildActionExecuter$ActionImpl.apply(BuildSessionLifecycleBuildActionExecuter.java:80)
	at org.gradle.internal.session.BuildSessionState.run(BuildSessionState.java:71)
	at org.gradle.tooling.internal.provider.BuildSessionLifecycleBuildActionExecuter.execute(BuildSessionLifecycleBuildActionExecuter.java:62)
	at org.gradle.tooling.internal.provider.BuildSessionLifecycleBuildActionExecuter.execute(BuildSessionLifecycleBuildActionExecuter.java:41)
	at org.gradle.tooling.internal.provider.StartParamsValidatingActionExecuter.execute(StartParamsValidatingActionExecuter.java:64)
	at org.gradle.tooling.internal.provider.StartParamsValidatingActionExecuter.execute(StartParamsValidatingActionExecuter.java:32)
	at org.gradle.tooling.internal.provider.SessionFailureReportingActionExecuter.execute(SessionFailureReportingActionExecuter.java:51)
	at org.gradle.tooling.internal.provider.SessionFailureReportingActionExecuter.execute(SessionFailureReportingActionExecuter.java:39)
	at org.gradle.tooling.internal.provider.SetupLoggingActionExecuter.execute(SetupLoggingActionExecuter.java:47)
	at org.gradle.tooling.internal.provider.SetupLoggingActionExecuter.execute(SetupLoggingActionExecuter.java:31)
	at org.gradle.launcher.daemon.server.exec.ExecuteBuild.doBuild(ExecuteBuild.java:65)
	at org.gradle.launcher.daemon.server.exec.BuildCommandOnly.execute(BuildCommandOnly.java:37)
	at org.gradle.launcher.daemon.server.api.DaemonCommandExecution.proceed(DaemonCommandExecution.java:104)
	at org.gradle.launcher.daemon.server.exec.WatchForDisconnection.execute(WatchForDisconnection.java:39)
	at org.gradle.launcher.daemon.server.api.DaemonCommandExecution.proceed(DaemonCommandExecution.java:104)
	at org.gradle.launcher.daemon.server.exec.ResetDeprecationLogger.execute(ResetDeprecationLogger.java:29)
	at org.gradle.launcher.daemon.server.api.DaemonCommandExecution.proceed(DaemonCommandExecution.java:104)
	at org.gradle.launcher.daemon.server.exec.RequestStopIfSingleUsedDaemon.execute(RequestStopIfSingleUsedDaemon.java:35)
	at org.gradle.launcher.daemon.server.api.DaemonCommandExecution.proceed(DaemonCommandExecution.java:104)
	at org.gradle.launcher.daemon.server.exec.ForwardClientInput.lambda$execute$0(ForwardClientInput.java:39)
	at org.gradle.launcher.daemon.server.clientinput.ClientInputForwarder.forwardInput(ClientInputForwarder.java:88)
	at org.gradle.launcher.daemon.server.exec.ForwardClientInput.execute(ForwardClientInput.java:36)
	at org.gradle.launcher.daemon.server.api.DaemonCommandExecution.proceed(DaemonCommandExecution.java:104)
	at org.gradle.launcher.daemon.server.exec.LogAndCheckHealth.execute(LogAndCheckHealth.java:64)
	at org.gradle.launcher.daemon.server.api.DaemonCommandExecution.proceed(DaemonCommandExecution.java:104)
	at org.gradle.launcher.daemon.server.exec.LogToClient.doBuild(LogToClient.java:63)
	at org.gradle.launcher.daemon.server.exec.BuildCommandOnly.execute(BuildCommandOnly.java:37)
	at org.gradle.launcher.daemon.server.api.DaemonCommandExecution.proceed(DaemonCommandExecution.java:104)
	at org.gradle.launcher.daemon.server.exec.EstablishBuildEnvironment.doBuild(EstablishBuildEnvironment.java:84)
	at org.gradle.launcher.daemon.server.exec.BuildCommandOnly.execute(BuildCommandOnly.java:37)
	at org.gradle.launcher.daemon.server.api.DaemonCommandExecution.proceed(DaemonCommandExecution.java:104)
	at org.gradle.launcher.daemon.server.exec.StartBuildOrRespondWithBusy$1.run(StartBuildOrRespondWithBusy.java:52)
	at org.gradle.launcher.daemon.server.DaemonStateCoordinator$1.run(DaemonStateCoordinator.java:297)
	at org.gradle.internal.concurrent.ExecutorPolicy$CatchAndRecordFailures.onExecute(ExecutorPolicy.java:64)
	at org.gradle.internal.concurrent.AbstractManagedExecutor$1.run(AbstractManagedExecutor.java:47)
	at java.base/java.util.concurrent.ThreadPoolExecutor.runWorker(Unknown Source)
	at java.base/java.util.concurrent.ThreadPoolExecutor$Worker.run(Unknown Source)
	at java.base/java.lang.Thread.run(Unknown Source)

==============================================================================

BUILD FAILED in 11s
15 actionable tasks: 3 executed, 12 up-to-date
Watched directory hierarchies: [D:\NutriScan\node_modules\expo-dev-launcher\expo-dev-launcher-gradle-plugin, D:\NutriScan\node_modules\@react-native\gradle-plugin, D:\NutriScan\android]
